Date;1;2;3;4;5;6;7;8;9;10;11;12;13;14;15;16;17;18;19;20;21;22;23;24;25;26;27;28;29;30;31;32;33;34
2000-01-01;166397.4559;264702.9698;215627.4219;224655.6988;383728.4002;197929.9343;148997.333;232565.5847;73543.43212;142509.4793;147089.2106;292260.6719;120458.3158;91195.54639;55379.11785;111199.0975;177481.0216;151529.5004;176223.3725;314432.3223;263727.1585;203492.4195;197644.8905;111302.0976;329783.2975;141190.061;163864.043;368797.5941;237219.8503;171921.9353;59168.95849;189054.2793;75980.49313;49931.88125
2000-02-01;83476.12417;134491.5916;82713.07218;120953.1255;198493.0501;113658.2562;59222.40901;121697.2518;32993.61464;79509.77272;63134.15122;171679.4744;52457.27009;37693.70502;20876.02919;59350.01725;64826.4631;58707.84813;83364.76207;167228.3313;115116.2277;97052.42229;127109.2104;57854.50333;154213.7972;51499.97413;86855.77512;196024.081;141818.0938;105765.0075;20781.19567;71116.66918;42755.87189;30113.2392
2000-03-01;72721.60918;120797.7805;70844.79618;101748.1796;176045.8767;95889.66215;41072.56418;96813.57265;24315.70637;66170.85654;44504.97526;145099.4182;38108.46439;25949.3849;12774.51611;48746.19788;55094.0693;47807.06477;67500.72259;136735.6156;94474.15745;79630.69904;113536.4656;46717.30846;117523.8622;38249.95789;72661.43811;160311.7436;122643.8152;92643.05091;12946.4162;46203.99803;35996.7438;26235.51974
2000-04-01;117901.2169;181560.565;119060.4815;179188.9665;252855.0196;168780.236;116211.7438;195923.5046;60294.53355;121591.8957;112941.5045;245024.3511;97346.19498;73255.02813;43510.34456;93165.30275;92494.60995;95222.49377;127535.9552;260958.9322;181125.0236;149315.1201;169614.4717;92900.30479;266664.1324;89701.6257;130744.6089;304103.2727;203094.6908;147585.8452;46077.06571;147540.723;63908.03236;42828.65846
2000-05-01;132147.0491;215439.9226;160927.1078;181419.2791;306739.0194;162645.7129;113261.3772;185082.0909;57375.18185;117275.9457;110029.6168;240155.6654;92623.17896;70031.77947;41334.74261;90268.94188;129803.0956;112120.2174;134631.2842;252186.847;202108.8567;161110.5033;169038.9383;89886.6241;256193.4879;105747.2985;132975.1049;300252.4788;200602.0067;145667.4296;43378.80152;139836.1709;61760.75613;42059.34942
2000-06-01;161663.6928;255123.6084;186851.5635;239123.811;365270.5064;217806.2875;163974.1788;258757.1819;84013.70001;158240.7349;166804.4157;320832.4034;137256.0811;104211.3647;63978.12009;123579.2742;143977.6765;142955.9609;182649.1964;350622.0789;259470.1581;211547.6661;211061.0061;124222.5827;371993.753;141868.6137;176966.0118;408309.6743;259064.9171;188563.8921;68388.04185;217420.2812;84057.78909;54556.18447
2000-07-01;166397.4946;266310.2996;216166.5523;225392.39;383705.6894;197924.8939;148997.2751;232433.3947;73540.13944;142509.4889;147083.1467;292251.7498;120452.9085;91188.01475;55374.09192;111188.5918;177481.2148;152032.8748;175884.8541;314646.163;264139.7381;207892.2315;197644.794;111186.6413;329783.3748;141190.3893;163864.1396;369043.8595;237137.5043;172019.3832;59168.93917;189054.3373;75980.60417;50092.80735
2000-08-01;125293.0416;199612.2136;146955.4564;173977.9193;287947.2613;157498.0377;103273.3469;177470.2456;54352.18316;113142.4738;104553.0599;234395.0593;88362.00714;63621.76234;37206.53567;88183.27546;116040.4279;103595.7881;130582.1571;244768.816;191922.58;148833.7709;163224.3748;86129.40609;246073.9338;95869.8771;126812.2609;294638.4501;194988.6153;139422.5582;42573.41784;130649.295;59681.11986;41719.29574
2000-09-01;76457.86411;126306.7911;74628.48598;106023.2753;182307.4915;101533.4312;45784.48069;103434.862;26573.76292;70249.03357;47764.7379;151562.0216;42368.30127;28708.73746;14103.5964;52480.12573;60645.58053;51126.2598;71640.33562;144036.4523;99083.15599;82022.80676;117378.0477;50388.97955;127976.9136;41611.92638;79210.5782;180738.9786;132657.1634;96978.6315;14920.05426;52814.14926;37957.5322;27388.05422
2000-10-01;80486.70405;130351.5247;79364.31545;112392.3801;187026.8576;108512.2805;52120.30631;112815.4557;30376.45322;75940.7782;54127.17533;160804.4869;48285.78275;32542.19404;16620.9527;57066.49071;60629.28611;55704.39309;76533.19985;156202.991;109819.0302;89603.45364;122431.4132;54698.88496;140984.4954;46889.33408;84698.59672;195648.6189;140281.3393;102383.773;17776.47087;61219.50138;40359.60245;29349.81787
2000-11-01;74211.44056;122829.2577;71892.70842;102631.0909;175280.0632;98715.22558;42875.04566;100531.7323;25923.42004;69077.2934;46732.68557;149167.3551;41070.74887;27089.50907;12909.2432;50851.06033;54945.26625;49042.13351;68673.32697;141406.5764;98662.43649;80650.778;115122.9869;48897.65149;122832.7821;39913.73643;76846.13961;176453.6476;128804.8729;95405.00093;13939.30037;49281.81839;36930.35129;27489.74106
2000-12-01;71026.29912;119323.8477;67389.88674;98071.1832;167802.8412;94848.91462;39380.1654;95451.53296;24365.70007;66382.50536;44362.35684;144752.7019;38575.90663;25254.30599;11976.27059;48558.48134;52961.36391;46968.08803;69765.39105;138466.2133;93962.2761;82560.31501;111936.9088;48033.84447;116111.6213;39753.9956;73215.73323;170658.1836;126670.8784;97935.17911;12374.49534;44299.7573;35511.35597;27840.99323
2001-01-01;71216.54069;118349.8807;67366.92971;97420.06302;168961.6714;94533.63812;39718.64274;96226.1045;24375.57811;66477.69374;44817.24393;144567.4524;38319.97561;24659.39793;11295.64784;48179.31622;51655.84534;46144.64772;65702.81804;133227.3957;91171.60928;77003.66682;112158.5612;46143.29588;121313.2635;37042.65967;73541.93544;166481.9455;123816.6658;92531.31223;12386.07524;44439.31961;35537.92673;26088.51993
2001-02-01;70774.93054;118187.3227;67290.44008;96497.18571;168921.3481;93110.11899;39036.44487;94328.02427;23951.88457;65667.51587;44331.76678;143002.5412;37225.80412;23656.09378;10639.86625;47193.50141;53992.17546;48411.60947;70483.94358;131612.0031;90999.73333;77060.09138;111276.6831;44898.07874;112991.9568;40819.19682;72793.53637;163646.7648;121526.2159;90310.83906;11892.96386;42747.59674;34962.86407;25840.39575
2001-03-01;83244.43924;136070.1081;83054.00455;120042.1346;196233.7117;112307.5815;60097.50867;123005.952;34358.59215;81284.38711;63127.7976;170060.9629;53292.47618;35847.50381;19215.35021;59735.4877;63849.18898;58467.60803;81464.21957;166465.9939;114806.3586;94232.29516;125929.6682;59838.64224;151739.778;51537.60821;89051.49043;206839.443;145590.462;108496.155;19972.96469;69583.50188;41615.58598;30789.77144
2001-04-01;99827.98719;163263.0758;109291.9503;143053.6405;236959.4679;128978.6317;77659.81776;144729.4021;42583.07379;94335.03449;80772.44782;195112.9453;67391.61515;47020.62124;26912.26441;70414.16484;90497.9521;77120.65351;101289.937;196510.6831;146334.5883;116947.5081;140615.0297;70053.39915;188323.4203;70892.32278;105369.9149;241545.7363;164966.6948;120853.8913;27935.38982;94323.90118;48233.71786;34655.48131
2001-05-01;157206.7273;246065.9387;183196.3799;242295.3858;355834.0144;216058.5022;168856.1125;266090.8971;86492.63406;161151.7825;168113.9753;320073.5228;138286.6995;101151.5093;62542.46825;123742.6239;143834.218;136114.1489;175898.8745;342692.6494;245983.7279;199947.9318;207444.9291;123905.5198;380096.1399;134569.042;174587.4417;408726.3865;258763.4583;181344.6772;71917.42283;216854.3072;82256.09457;53184.85093
2001-06-01;151925.124;241902.1568;186548.0576;211075.5479;352544.0383;181235.9898;135464.2067;215348.6545;68204.24563;132168.7074;133956.3911;271785.1474;111264.0145;78251.07586;47076.97338;101890.1414;159098.5215;127220.1573;154706.4632;283514.0977;232925.8096;181612.4561;182250.0193;100878.2748;290514.3156;127909.235;173119.1189;416663.3477;251263.0041;152154.0281;49504.26257;164302.2301;67745.08578;45925.699
2001-07-01;159635.6435;250285.3775;181501.2002;233727.0412;353346.8342;206465.2555;157044.2562;248674.726;80196.72614;150644.8317;156443.5691;306111.1121;130492.3278;96314.12816;60936.39851;117406.1079;147864.796;130629.8189;169352.6409;331333.1938;239576.3662;202721.0827;199079.9196;120254.498;353624.5394;149600.8977;195996.3298;509889.7533;289020.4818;189269.665;63984.25645;199157.4183;77866.88483;53251.60253
2001-08-01;105951.7246;171656.3773;118625.2105;151825.2139;252203.4745;133485.0358;82708.84287;148154.8802;43819.44609;95640.65444;80492.53625;199289.6855;70969.07312;48510.96439;27429.02443;73602.63759;99117.77258;81799.45493;104914.4146;205590.6966;157294.2199;132782.0148;143438.4012;72290.30192;193459.5373;78353.78623;107883.8035;247839.7951;169755.2555;123740.2003;28222.79683;98427.40095;49682.02382;36653.8893
2001-09-01;72237.25694;119230.3008;67271.14749;103455.5933;173219.5022;96984.02917;42608.57517;98881.24037;25190.57187;67731.75091;44395.76644;145586.9569;39035.55894;24790.82751;11303.74677;49507.15935;53953.66269;45349.01172;65243.3154;131677.7505;89637.9447;77507.02196;113338.4703;44839.46228;119131.4528;37622.7555;74979.89506;166847.964;125124.2266;84485.97264;12656.09792;47321.53451;35987.23027;24545.50838
2001-10-01;79582.50618;129151.4443;75353.84595;115309.9841;184923.038;107839.4344;54183.17986;114799.8794;31713.67228;77178.9996;56952.24148;162850.3804;49541.70352;33205.4759;17562.23184;57158.27054;60669.97147;54868.80076;77856.24397;161390.748;110717.8352;103061.3312;121570.0346;57066.18655;144559.2545;57803.30265;84959.96404;201118.8705;146580.844;114580.641;17728.99979;62298.10023;40119.92964;30592.69103
2001-11-01;69780.51227;117179.9365;64621.94037;98102.54574;167378.3269;92863.57355;38641.64194;94054.70288;23711.28479;65118.02942;42734.24256;141697.095;36918.11237;23586.46229;11098.89816;47184.00478;51586.27421;45085.72769;64955.10936;132155.7781;89013.37838;74356.45366;109995.792;45480.57407;111041.4737;35178.33182;71445.58471;160315.5577;121417.5961;90984.46727;11300.34064;41993.09993;34513.87677;25920.37842
2001-12-01;68339.88279;111323.2827;61797.78671;95074.79632;164988.0345;91579.87261;37342.22111;92806.86414;23147.63546;64435.31495;42079.8828;139606.1758;35392.86536;21646.68524;9131.917275;46074.49722;49617.11651;40664.04015;61021.61711;126942.7707;85452.74591;72776.08323;108978.7499;43365.82392;109218.7196;33656.28093;70198.20946;159019.671;119432.3323;86759.23491;10948.72516;40456.42027;34130.13473;25020.62228
2002-01-01;69628.88485;121320.38;67294.66456;98807.37233;166419.4329;92535.93743;38438.61106;93599.02883;23911.37543;65392.68816;44114.53199;142178.4732;36998.63094;23544.5458;11059.49463;46800.10343;51439.28647;45150.09427;63821.79505;130988.1996;88833.41074;74488.67261;109934.1677;45436.0891;111108.2157;35262.05376;71271.4203;158822.2743;120917.6399;90663.07855;11611.4337;41919.52157;34570.56203;25777.79621
2002-02-01;67457.5122;116572.8378;63839.24818;94179.16811;162733.1378;89129.70364;35158.05432;89214.73396;22173.11329;62654.9601;41315.00101;137756.8485;34181.37646;21390.19659;10011.27581;44555.26346;49796.48548;42561.44446;61376.74373;125075.0585;84609.9937;71688.59124;107246.9548;43237.11491;104270.7102;32584.84921;68352.70107;152118.9866;116943.4429;88120.57936;10176.79574;37240.79257;33270.94084;24823.07839
2002-03-01;65571.78676;111878.6062;59275.9223;89825.16396;158505.3177;86629.50718;33132.7883;86707.71074;21166.58646;61107.7289;39435.72092;134886.6552;32578.51732;19982.6134;9004.975297;43286.72236;47518.58354;40723.00905;59712.14443;121114.9496;80779.41942;70162.75764;105594.5317;41793.59829;100818.8038;30325.2815;66483.94114;149237.2062;114643.6751;86237.39827;9412.735306;34685.19509;32615.7217;24452.3043
2002-04-01;101410.8971;166433.7044;111772.6804;146952.8396;233196.6205;134204.5201;81818.47715;148152.5627;44419.38972;97602.8502;90477.80013;207240.6092;71827.1445;50308.29924;31298.06802;72376.16265;95488.38007;81128.09587;109186.208;206693.7153;155211.8268;125804.1601;143673.3305;73445.36626;197012.6381;73304.68386;109050.0784;249044.4717;169204.3641;120022.2723;29114.40817;100182.6117;49762.73793;35452.98332
2002-05-01;107202.4409;175539.8469;122926.5608;150507.1861;256397.7113;133505.574;85009.54735;148898.7651;43368.94763;95265.82968;84433.15458;199272.1503;68221.1532;48619.41522;30107.14146;71401.1094;106492.9311;87068.1771;107870.4783;201576.8137;156231.9106;123694.4987;141326.9341;71846.45641;190964.9026;75912.45729;108285.327;244438.3314;167603.1368;117762.1132;27913.28976;97590.14297;49385.9337;35236.18788
2002-06-01;213867.6631;332178.9007;255936.234;340748.5585;486950.1457;302380.2452;260716.7222;382335.3939;126875.0342;221517.8232;248211.3562;435886.9972;203907.5675;155813.5471;104240.3326;173346.5939;203190.1882;193505.8086;252391.36;489046.0668;352590.2324;281159.0109;269371.5069;175468.1997;543086.802;199585.3121;238903.0759;567596.0426;351828.0301;246729.5537;104786.7919;332173.1071;115486.8425;72361.85735
2002-07-01;206867.3873;321571.5086;305991.7645;224101.3699;501154.9788;163834.2254;131518.0796;188779.9151;57732.2976;117113.2139;113370.8564;242885.0749;95299.65448;68492.6641;43901.82585;90653.29707;282870.1422;180174.1054;174319.9139;254832.3076;302091.4743;207105.2713;174037.7476;88877.94399;259869.509;170709.1091;184487.5546;440792.8391;252473.0687;142356.5773;42585.63262;140374.0847;60898.9141;41757.40296
2002-08-01;85335.20401;139974;88126.7302;125284.245;205766.2611;115213.0769;61546.06086;123821.1654;33757.57188;80580.22195;62580.80238;171250.5376;52937.9434;37161.11648;21984.31528;60880.42295;68932.41066;60370.7673;83980.55112;169830.8423;118473.9114;95926.20993;127134.8759;58248.94899;155897.0518;54196.52438;91104.53904;209880.8556;148983.7761;105723.7186;20524.70702;72167.56511;42496.92822;30700.24869
2002-09-01;85657.79972;139452.4337;87650.41173;125022.646;202795.2018;114973.0396;61642.90524;124396.4864;33641.54595;81313.24875;61389.82272;170508.3811;53742.47253;37357.45096;22221.71411;61616.17756;70574.01913;61771.39699;83285.9019;169087.0056;121421.6516;96616.94849;126446.1651;57915.79932;154809.5405;54309.71628;90831.80666;208686.955;148561.3378;105647.398;19798.7182;72589.74266;42272.60113;30595.71335
2002-10-01;71129.22192;118252.1045;65736.56076;101610.2443;171631.6774;96679.14248;41732.11884;99966.80117;24802.22395;66841.3707;44641.46215;145222.8985;38445.02261;25382.48876;13706.89367;49207.69447;53146.72923;46379.65429;65982.99998;136069.1907;92896.28792;76789.71988;111769.4553;46113.15;117233.9616;37375.80451;74331.80684;169363.1852;126518.8744;92016.78514;12148.10792;46340.67804;35469.11117;26091.38051
2002-11-01;68559.32879;114637.9298;62765.08141;96735.76498;165103.8094;92421.9296;37748.09942;93466.96436;23031.34641;64154.21087;41763.35102;140320.6873;35671.84514;23073.22186;11975.83365;46697.91448;50505.54621;43392.63368;62951.7889;129502.0713;87659.90353;73427.52689;109018.5421;43907.49872;110397.4024;34321.38777;70887.31617;160660.5359;121709.3893;89562.0296;10851.13728;41464.90967;34223.96404;25170.20506
2002-12-01;67070.912;112691.5601;61166.48537;93786.45086;162191.0527;89872.72918;35449.14266;90082.40819;21996.88008;62505.18179;40175.72898;137377.1861;33969.17483;21609.44706;10868.01106;45113.01059;48954.08088;41608.59507;61111.55266;125324.7904;84344.43569;71369.55374;107266.6723;42492.60235;105973.1609;32463.47871;68626.48594;154789.7458;118484.3591;87987.01823;10057.12167;38432.03053;33435.57724;24591.03861
2003-01-01;66365.40949;112706.2758;60246.92488;92482.96487;156042.0649;88184.4728;34163.28603;87280.34735;21462.79004;61639.11045;39377.45932;135810.7299;32990.70096;20764.3919;10183.30143;44259.41473;48250.08953;40978.43796;60558.38245;123255.4811;82823.89355;70395.53368;106401.3927;41745.32819;103701.1056;31709.28365;67602.58806;152387.0358;116963.9522;87150.02096;9747.446828;36854.86346;33083.52122;24271.96008
2003-02-01;65306.00667;111699.7683;62474.32137;90219.78343;161913.2799;86094.74123;32376.51721;84624.85421;20596.19004;60243.65151;38039.19017;133372.0225;31691.80155;19653.73407;9229.438171;43001.78969;47197.11757;40114.2447;59238.22546;120104.5411;80154.65999;68938.22354;105217.6695;40785.91275;100542.1221;30260.15693;66003.58164;148018.4609;114495.4562;86009.30536;9272.182055;34553.50238;32600.80808;23866.36421
2003-03-01;71405.87944;115610.3808;63115.38488;98783.90837;164594.3227;94188.65991;41717.63974;96368.25943;25520.39507;66957.22765;47265.1341;146681.237;39253.64104;25436.06481;12149.36802;48595.39604;53512.64155;45120.48912;66787.48566;134609.2011;92034.03068;78206.01636;112959.3101;47099.32691;118767.5972;36885.21212;73477.96959;166523.1571;125372.2687;92324.62656;13104.67122;46229.11316;35675.09919;26115.53729
2003-04-01;76412.41837;124651.7994;72870.25291;105121.9597;178686.2776;98877.82216;46194.48692;102896.7068;27494.91665;69841.93861;51532.07052;152916.2883;42512.47913;28212.27184;13605.22132;51186.87987;59873.92026;50906.35514;72190.78285;141878.3855;100316.028;83993.18111;116831.1442;49856.87381;127407.589;41667.39982;77173.17706;173905.7894;129988.4802;95308.1131;15012.32292;51792.5157;37257.04595;27155.83822
2003-05-01;104105.5162;165622.9713;107943.4;155531.5064;240617.8379;142820.401;91881.32179;164983.2258;49708.71288;102593.3361;95681.32532;216353.086;78332.18586;56463.4282;31271.42724;77616.80049;86144.27626;80132.56234;111523.7017;216791.2152;153422.0767;126003.9225;150776.7609;77712.44752;217783.287;74582.88574;112067.8242;259670.9826;179083.6008;127238.2815;34325.29119;111324.847;53596.44556;37021.58555
2003-06-01;128381.6139;206096.9002;158218.9704;177982.3587;300382.7183;157648.1974;109595.35;185562.8028;56686.28758;113166.8551;110508.3686;237700.0215;89738.27004;65957.69656;37455.59648;86284.13308;123812.0213;106962.8863;132694.9664;241793.257;191478.6766;152328.0187;164839.8542;86725.94118;248222.9626;95151.26181;126709.4829;287907.5561;195429.1391;138225.3746;40972.37885;131842.23;59243.86454;40234.38647
2003-07-01;141373.8717;223073.5323;168250.2208;208731.8938;328148.4675;185550.3852;140039.9115;224824.1758;70393.97424;133613.8752;136505.746;275841.362;111824.2239;83585.28471;49025.45285;102398.8749;129600.6296;123336.118;153685.4235;287495.1117;214945.6923;171972.9187;184821.3415;103587.9668;311479.8603;111140.6693;146630.5819;338820.5738;224605.932;159320.0097;57350.37571;170712.8556;70361.36127;46148.53907
2003-08-01;89431.75149;146646.2535;95236.19556;124176.0796;216465.5972;112751.2629;61717.39608;122197.1405;33894.44983;79385.29301;63090.51114;171193.4516;52946.73514;36814.63194;18858.94538;59176.61083;78053.24954;65476.83012;86774.78099;164813.2617;122626.4731;100130.1026;128182.9137;58168.40386;154925.383;55094.47968;89946.65515;203545.9714;146853.1226;104949.9389;20746.4439;70100.09533;42141.63262;30169.14716
2003-09-01;99211.47394;160352.5593;104153.9215;147799.1259;232123.3613;134581.8651;82378.90863;151483.7794;45405.9577;96654.23977;85238.5093;203535.8713;72203.46594;51649.2455;27937.33791;73328.0561;82778.71335;76845.56025;104539.6768;203804.4419;145123.3649;118164.6506;145540.9559;73161.45712;203065.7423;68968.58668;107221.4438;247858.3539;172721.0813;122194.234;30559.47939;101091.71;51097.1278;35395.78629
2003-10-01;101366.1804;163725.3256;111828.9746;144432.5877;238270.051;129322.9823;79074.42927;145700.2308;43537.30881;92487.06865;80039.19894;196433.2037;67526.20465;47957.968;25101.98575;70094.53833;89608.99615;78770.01572;102367.5027;194190.4542;147293.9651;117245.626;142609.8239;69776.08019;195023.4346;68234.9419;103866.9176;237806.6618;167807.7078;117912.0026;30388.73559;92740.70156;49667.2309;34267.92759
2003-11-01;75717.47464;126430.9859;74908.39756;106121.6694;184238.3537;98094.22231;44671.96047;101332.7032;26378.2154;68259.54527;46879.97264;149198.959;40826.80571;27199.79212;13061.35824;50392.23361;58735.81177;50561.53625;70873.69162;139777.2986;99219.36285;81495.8235;116020.4015;48652.03303;124577.5355;40736.40668;77233.1357;174973.0811;130571.3328;94049.52729;14368.83093;49949.26196;36649.281;26857.41618
2003-12-01;71954.39065;119360.4147;67545.17859;102290.3613;174156.7476;95381.27625;41922.93495;97490.00108;25269.49963;66637.47078;44248.48419;145467.0106;38690.26208;25617.16461;12176.55315;49012.60078;53769.16158;47137.32791;67487.68222;135484.3587;93651.26753;77742.07681;113664.1173;47055.28128;118988.7378;37825.00425;74768.09174;169914.289;127540.5418;92483.58285;13049.75058;46649.96302;35795.53065;26222.37557
2004-01-01;68286.21501;114241.5819;62666.98176;96269.03486;165293.066;90839.28037;37140.5831;91561.46836;22947.49895;63355.97259;40508.40068;139140.1795;35267.31142;22726.89906;10394.84042;46013.39918;49992.25992;43171.12613;62978.85936;127500.9137;86732.89347;73103.27518;109723.6873;44060.5697;109861.5936;33765.07455;70370.05162;158870.5734;121317.2225;89253.20327;11148.09765;40372.52694;34169.67827;25094.29961
2004-02-01;66025.31236;111269.4025;59938.04544;92119.3893;160399.6321;87822.20078;34076.66731;87866.87887;21550.93199;61336.28047;38700.08218;135352.1397;33045.87507;20757.92482;9286.75168;44010.93811;47725.6313;40629.5684;60241.3196;122169.4472;82068.44079;70215.10738;107003.9917;42043.19018;103902.915;31258.41826;67614.35866;152249.342;117324.9013;87196.56265;9949.334085;36427.72517;33103.63698;24292.08791
2004-03-01;77422.16545;126306.849;75393.79263;111227.0805;182412.7221;103201.5646;50621.85699;109467.0997;29676.51495;73665.29024;53939.73881;157470.5279;45569.08053;30193.46085;14863.06965;53832.20047;59506.46299;51777.08548;73276.57539;149119.6353;103106.6658;85188.50112;118128.0448;51982.46759;133034.4504;44572.45588;81188.77387;186784.3387;135514.5818;98347.27585;16742.00575;57804.08478;38713.07668;27960.09699
2004-04-01;79611.87959;130641.2516;81292.88435;111224.2513;187797.982;102879.2295;50664.37697;108169.1852;29100.15357;73171.91452;54068.04228;157221.5878;45092.19235;30077.00765;14934.34024;53625.50032;63440.66978;54055.75508;74656.71998;148963.4793;104958.9382;86671.81957;118121.2953;51781.65758;132595.2591;46124.36056;81537.65309;185732.8055;134853.7863;98282.31061;16804.94446;57454.75656;38760.73846;27977.39804
2004-05-01;129096.7916;199772.8307;139115.6244;197933.8739;288651.9914;177922.5111;133543.3674;213735.3573;67157.90731;130296.9975;127784.2097;263401.135;105503.4181;77563.2534;45404.82312;98668.53905;108310.7607;104647.9297;139019.8567;276377.0936;194336.2205;156960.5391;173706.7609;98394.20378;283799.6049;101929.4894;140823.212;333055.8157;216637.7435;154749.4998;51367.24341;162286.2024;68180.66096;44627.02167
2004-06-01;289929.2421;450504.6029;402597.2128;407414.9537;664891.9687;340826.54;313627.6145;437458.7545;146866.2161;252240.9589;292114.2297;500670.8293;237175.2977;183552.2983;115964.2135;197304.8658;335226.1262;282491.3778;319200.5281;558955.9736;478258.1663;367329.7348;308499.0098;201127.3098;641086.9174;277755.7704;284658.8302;645780.1738;394765.1153;281631.9015;134469.6532;392316.9451;133930.7739;81118.43991
2004-07-01;139383.1619;239924.8495;208466.3165;178924.8183;430566.3357;140005.488;99693.8467;159169.6858;45710.91682;98940.40239;86176.59473;207458.2157;73819.7903;53242.77216;29805.54503;75834.32615;148896.6311;107167.6698;127932.3417;211764.4036;182751.8198;134763.2425;148426.1545;74212.34822;207603.3833;109296.17;146012.1374;354671.4764;215089.0253;125381.4998;32595.52869;107743.1935;52733.57034;36405.32577
2004-08-01;141702.0292;218165.6048;160331.7604;223737.9584;322096.3483;199451.3454;150062.2301;241186.2259;75383.04073;144516.9615;142983.0844;290375.1154;121391.3512;91351.72176;54543.06203;112035.1292;124139.5994;120082.4289;157095.7417;313212.7948;220859.4418;177761.5271;191141.8962;111874.7245;327748.4407;117640.8248;156436.3657;367240.6297;237610.4915;170968.0238;59600.41541;191411.3746;76044.99489;49623.90465
2004-09-01;83511.98637;134576.1584;87828.23575;119629.5841;203151.1202;108466.1829;55792.3395;114976.3613;30232.28985;75541.70251;53396.41285;160226.9161;47550.37576;32800.03694;16508.96779;56582.13848;69066.95187;58755.92995;77592.76199;156422.9053;112529.4753;90627.45774;121782.8035;54205.76996;142006.9546;49965.18463;85201.0442;192990.3545;139683.3655;101388.7078;19195.86088;63555.38732;40414.25031;29094.36241
2004-10-01;85626.68824;123402.6572;83993.61563;113105.4239;184734.6311;104283.9775;50390.29759;109191.905;28677.88187;73264.49579;50372.82515;154977.6024;45004.64666;30299.9298;14795.07726;54308.23892;57569.77344;51223.52421;71701.44814;150167.9242;102044.5787;83247.23947;118009.6146;52062.74235;132473.401;43471.80766;81017.24553;185985.8494;135485.8747;98627.83921;16346.16119;58327.98779;38887.52353;28274.1327
2004-11-01;73718.60558;120008.3002;71027.29368;106692.0369;178808.1164;98909.04951;45127.20484;102264.8985;26098.82042;69280.71052;46486.69052;148484.8047;40827.52991;27008.72496;12870.60611;50800.90731;55246.19883;47899.19221;68221.16286;140890.8327;95980.77571;79320.84918;114219.5374;48637.47668;122512.3494;39784.47461;76545.73327;174314.8928;129111.8839;94941.998;14219.57646;51137.92419;36975.92738;26951.8683
2004-12-01;69973.71823;115485.6935;68971.14551;101702.5069;170784.4834;93912.2293;39856.73735;95071.59054;23709.39946;65580.92612;42579.8825;141803.3202;37043.02901;23940.32398;11094.6773;47551.68414;51424.05421;46096.37278;64424.38442;132292.5256;89205.52218;74681.70476;110374.6723;45324.91529;112982.3009;35594.7158;71883.82977;162520.9966;122753.9703;91393.27133;12127.49366;44323.04263;35111.50539;25715.15805
2005-01-01;67863.24567;110151.0501;60760.17737;93788.47861;157744.4093;89779.17266;36968.62507;90701.46096;22581.98494;63601.64416;40928.2077;138440.5285;35044.03201;22193.95807;10039.21773;45701.99472;49301.99933;41208.26894;61456.43431;127070.7604;85146.78741;72101.31562;108170.2087;43718.18894;107674.0086;33208.81444;69335.21354;156343.572;119322.4958;89278.63705;10994.6368;40440.10654;34062.49478;25085.83134
2005-02-01;71116.71746;116303.6202;63046.6876;99184.67867;164588.336;93067.66176;40556.18799;94813.37106;24250.13521;66335.16222;44715.98679;143728.8716;37690.91928;24186.99977;11160.29915;47777.13615;53143.1517;44932.30426;65816.36721;133231.3063;90989.84563;76236.82004;110981.9834;45956.38078;114232.3025;36878.62676;72889.69034;165548.8136;124048.4183;92293.98823;12536.39308;44974.28834;35361.38695;25887.54094
2005-03-01;96715.06262;152334.1985;96822.70718;137870.1514;216296.0773;122711.8607;73099.95836;134099.0095;39927.61686;89750.3593;74419.27528;187107.2145;61870.42844;42990.90743;24006.32483;67206.13879;85826.44093;69071.24394;92993.70682;183827.7826;134887.8332;108296.3347;134136.4843;66404.17814;175508.6195;66007.05779;99585.36208;232702.2743;160158.7354;114336.133;25072.16334;84981.59337;47256.39546;33208.28578
2005-04-01;80412.50288;129796.4426;77791.87256;111980.9303;184496.0904;102243.0761;49169.94935;106170.4996;28485.31079;72477.59843;53173.90591;155876.5233;44029.86377;29371.71033;15069.05285;53278.45091;62341.04508;50481.107;72248.82478;146393.8758;101386.8442;84436.20586;117162.0923;51687.51687;131338.5948;44606.73934;80537.66817;185978.1053;134635.5329;97515.03897;15703.8762;55019.18739;38467.95309;27871.03531
2005-05-01;114131.7068;181647.1982;122703.122;169705.1218;253317.7521;149179.2222;100470.5426;170433.0647;52331.71856;108762.4662;98230.45814;222355.6316;82386.6334;59150.95496;35053.74107;82739.64536;108281.8605;89120.04769;115730.2691;226234.2153;168450.2149;133517.9529;153530.9476;82661.01694;228649.2269;87331.48527;120395.0018;284318.6316;188624.3384;133274.4974;35933.22694;119619.0012;57140.89948;38869.78796
2005-06-01;106090.9538;171431.1619;115414.925;152916.9931;247589.4356;134830.4286;86448.93122;151821.6605;44921.49442;97254.11582;84618.33644;202308.0204;70159.44082;50016.64603;29025.34166;73485.15362;97051.79465;79579.68181;103886.664;201548.0196;150005.2021;120813.0273;142637.5462;72856.19384;203620.1677;75750.18418;109097.8754;255176.7161;172374.896;121615.7169;32425.35219;99597.2389;50731.69345;35487.49611
2005-07-01;199838.0084;315400.4474;248781.4629;297908.226;444118.8126;253299.1741;211196.0349;310963.2475;103535.0329;187539.8977;202502.7037;372861.939;167756.8016;127465.9206;81233.44231;146569.5273;217262.4063;179801.6174;219074.0561;406551.4412;314061.5144;248741.4486;236967.8879;149466.3806;451256.2995;182935.2443;207715.6434;487744.0968;303664.2745;215816.582;84053.08664;267927.4592;100944.756;62471.59839
2005-08-01;89376.95396;147327.1912;95432.87766;124665.6364;218723.6803;109949.1634;59351.39322;117517.9528;31806.24148;77476.19534;59277.08101;166468.5237;50029.38223;34410.77775;18568.44002;57996.27686;81093.26684;63136.22242;83481.00042;159494.5314;120754.7053;97373.20268;124025.0316;56410.12734;151169.2561;61249.74865;105827.0084;264560.6217;168513.0558;102859.2128;20029.19009;65203.18043;41368.6012;29751.4717
2005-09-01;70763.89861;117864.3504;66739.93975;101344.638;169472.5292;93661.39662;40542.69379;94507.8181;23882.81554;65720.1215;42976.97389;142679.2889;37283.64328;24310.28697;11711.03002;48065.80085;54540.91841;44699.64892;64822.62486;132049.3984;89782.09841;75380.98401;110889.4697;46189.8762;115220.5507;36843.13872;73316.03444;168334.2083;125345.0679;91722.44275;12042.5937;43787.81801;35479.62892;26008.63382
2005-10-01;67627.0659;113474.4455;61691.57606;96285.81691;163244.6136;90163.03539;36696.23548;90152.12417;22260.8521;63230.14104;40028.9585;137688.3395;34796.01645;22048.92325;10272.75056;45732.29027;50655.788;42089.96361;61576.62195;125812.9277;84573.61007;71854.27773;108064.4664;43818.44187;108306.4349;33401.74761;69835.57051;159160.4354;120522.3445;89010.61678;10618.04742;39124.91995;34153.74354;25040.91185
2005-11-01;66709.17106;112398.6565;60696.00874;94014.54377;161585.0065;88819.16821;35303.514;88547.69111;21711.61187;62314.30292;39362.67123;136107.4766;33843.85747;21162.88099;9748.093776;44810.83238;49422.65046;41048.65122;60612.562;123594.3182;82923.52366;70693.73363;106995.3303;42915.52824;105507.7826;32262.3066;68349.63048;155003.5865;118364.297;88124.27759;10174.74505;37361.70924;33637.86945;24699.84189
2005-12-01;66163.98633;111065.2274;60201.99573;92459.68437;161331.4025;87941.40351;34263.8745;87681.64873;21309.03831;61637.86;38866.28044;135008.0209;33163.0573;20530.58991;9333.76953;44159.9198;50494.99708;40224.28152;60054.42381;121949.3204;81795.20631;69934.52954;106275.9329;42202.69203;103554.8469;31500.77784;67318.95411;151613.5361;116644.3015;87044.19172;9859.799266;36116.83005;33283.94741;24398.98413
2006-01-01;65457.5665;111053.6692;59530.32768;90809.7235;159297.9845;86708.29976;33003.41302;85959.43236;20748.69373;60739.88056;38139.73761;133541.2141;32222.08956;19813.99271;8889.168441;43356.94528;47904.59472;39857.126;59306.06818;120136.9271;80469.5406;69065.59521;105467.9132;41462.24946;101273.1357;30550.69247;66227.09763;148696.077;115105.471;86586.48026;9451.426104;34631.61662;32851.89182;24138.19134
2006-02-01;69401.09611;117027.1118;64804.2013;97032.13513;166456.8594;92596.20988;38900.74494;93785.07972;23676.62475;65316.06334;44074.71567;142041.8801;37123.43654;23489.80379;11479.09887;46989.64012;52820.9036;44436.37937;65107.32096;130400.4225;88700.05238;75255.94908;110288.5122;45267.86309;113686.6254;35516.56777;71511.20174;161637.5542;122229.5362;91176.23448;12319.60729;42971.17549;35182.4694;25485.14843
2006-03-01;77219.84428;127683.923;76260.29366;110883.5313;183442.7226;101437.4027;50596.74186;108759.3377;28862.55437;72459.83148;51572.4324;154016.7385;43830.97047;29244.06588;15126.47559;53370.0859;62476.28635;52251.18309;73216.6602;144853.7321;100665.0521;84325.56796;117210.1403;51621.77432;130024.1879;45787.72992;79692.94131;182285.1863;132834.5239;96740.17775;16038.13148;55891.74271;38117.70755;27995.73952
2006-04-01;74452.7235;123081.1043;71104.50751;108429.191;176611.7542;100101.1637;48877.92438;107379.531;28092.53561;71176.41056;50230.0812;151841.6097;42516.64567;28294.8761;14445.30246;52214.95879;57130.2731;48931.4087;70465.05654;141976.7025;95494.77232;81344.18643;115511.2817;50398.92519;126760.476;42590.44129;77658.18107;178726.5816;130750.219;95515.26225;15425.96944;53824.94402;37506.81406;27547.23743
2006-05-01;114884.1083;182515.8863;129881.8399;171167.902;261715.6305;149427.6216;104743.9678;178124.8033;53717.4105;109657.0902;97716.12418;221704.3376;82898.77546;60132.34735;35917.0315;83408.8608;108567.4063;92424.92294;118854.3752;225897.2805;168321.2306;136252.5862;154747.4334;82729.27487;228933.7685;90716.2925;120468.7346;281111.0208;186903.3773;132778.838;37927.54805;124502.2963;57293.9415;39177.05968
2006-06-01;317660.3844;497143.6644;438025.0955;474179.8782;718828.1879;395379.3883;373908.7601;521108.5796;175281.5309;293984.1049;341541.9302;573958.7359;281179.327;219327.158;143531.8419;231805.9316;369687.5639;317154.8374;368053.6222;646276.9146;533801.3291;418791.5583;352116.7817;237829.4306;745666.5602;322330.061;325751.0104;752063.5128;453002.4819;322843.2555;151923.0287;472912.6697;160090.0816;94190.7649
2006-07-01;203420.5213;339554.8124;307234.1959;226157.4504;578588.6106;158761.8957;138258.8421;188387.6903;56130.91582;114147.7261;104140.0169;234429.8015;89251.72591;66522.31872;40118.96405;89067.49034;275835.356;170952.246;178308.0926;243952.019;281169.8835;194067.534;173538.7859;88055.01544;257424.2356;182836.966;183241.7822;426446.527;251217.7949;139951.8878;44265.19382;137253.2905;59952.37005;41536.46028
2006-08-01;90971.55726;146272.8192;92189.10527;142172.95;207044.0719;126459.78;75564.46642;143204.3216;40300.62389;90156.85558;71363.96295;187453.2065;62795.67146;45573.89402;25754.52295;69376.12581;75381.05643;68268.97913;93772.71044;188103.9984;128006.596;106802.9451;136612.2898;67574.16576;180632.7438;64246.34314;98851.75109;230774.9076;160137.5406;114995.2193;26381.78328;90609.47835;47475.79318;34133.97539
2006-09-01;88128.13032;141975.2154;90593.78743;135465.5296;202393.5721;119638.68;69293.68812;133582.1553;37378.98856;85544.70921;64727.0937;177206.5029;57861.11766;40824.69106;22427.79386;65560.80312;74347.47845;65258.64422;87752.65861;175864.3255;121589.8583;101186.1452;131425.1508;63620.22704;167005.6458;61395.91563;93816.26844;219003.7994;153629.8825;109890.3683;23151.34576;80613.7619;44925.32301;32606.47854
2006-10-01;73251.39749;120586.431;69741.77742;110470.0828;173212.9362;99999.59278;48012.84277;106038.3772;27405.24906;70531.55226;47142.27659;150131.2895;42040.82447;28212.4722;14073.79813;52741.83583;55745.82678;48799.1125;69415.23725;142109.0759;94458.99761;80179.2199;115611.6554;50465.43056;126612.3247;43139.73945;77148.6606;178260.3729;131163.5807;95384.53031;14527.76791;52872.07049;37514.12845;27783.68756
2006-11-01;69496.0624;115426.7052;64713.53191;102070.8332;165927.6745;94080.40702;41359.08043;97546.11182;24388.52915;66118.96062;42556.75167;142378.4673;37640.08793;24539.65446;11767.01885;48615.37904;51669.8513;44577.58319;64572.90745;132158.559;87662.40442;74972.64826;111030.5818;46389.98616;115294.4187;37806.58311;71902.05055;164227.2613;123649.8688;91343.87147;12169.07099;44906.86566;35402.09404;26180.48564
2006-12-01;100139.4399;161741.0853;108846.9461;148915.2285;228549.0947;136507.6965;85729.11859;152497.4999;47297.24497;100569.3133;85432.6905;204808.603;74832.59833;53198.96793;30223.22774;75761.13403;89110.59451;80349.88403;105216.0183;204925.1118;142385.41;121980.2098;146251.0353;74928.00879;209180.2969;76643.62049;110498.1912;256859.4975;175258.3566;126667.2864;32990.51508;108771.3786;54686.51569;36300.98596
2007-01-01;74563.51107;125148.8492;75971.60965;104748.5543;183807.621;95418.25855;43569.67074;98922.21057;25368.17622;67370.17411;45194.11093;145816.0733;38967.08617;25752.80902;12471.4749;49514.47374;61150.25371;50217.1374;69169.57051;134873.668;94131.5546;80200.26988;113182.0053;47359.6707;118777.0504;43226.91822;74739.58737;167560.5154;125725.5703;92808.11942;13154.52974;47740.00418;36028.81846;26561.58435
2007-02-01;67318.50028;113309.2997;62319.7006;96296.06187;162676.1484;90758.10277;37695.86554;92318.4371;23198.83856;64201.0181;40815.90414;138720.0587;35734.75367;22778.77083;10431.72616;46485.45939;49505.2861;42602.96023;61998.23463;126283.3174;81664.30056;72295.56441;108946.9721;44431.73003;109832.6933;34813.58063;69785.09885;157760.9693;120305.1435;89573.57812;11181.31292;41355.45462;34316.98707;25350.56859
2007-03-01;66651.7809;112250.7756;61102.8285;94260.77056;161272.1536;89360.01742;36448.40097;90340.30902;23142.97888;63510.3761;40630.03671;137566.9159;34699.20105;21841.38304;9854.980342;45656.24964;48708.80038;41513.17978;60912.59658;124228.4921;80551.08994;71104.0054;107803.3211;43704.78648;106936.6801;33164.71571;68898.27687;155958.4154;118970.6039;88473.88101;10620.69315;39268.38326;33736.08738;25042.88891
2007-04-01;89332.28552;145027.1337;90549.64042;129579.9562;206116.0576;117989.2598;66243.62379;127037.9784;39879.75472;86845.8488;70461.2183;181157.0814;58325.54966;40701.37006;22379.55996;64901.1181;76383.6388;65508.57407;88351.09591;173052.8212;116976.9394;102259.5685;131162.1226;63769.03975;166571.2824;55331.70229;94722.12231;219904.1977;152747.9367;109782.0672;23140.81594;79765.62166;44215.89535;32343.60489
2007-05-01;125998.2061;201604.0049;146020.8664;179936.8973;290914.69;158916.2074;110795.8456;181193.0015;61035.90792;117273.2227;110728.843;240176.136;90351.39406;67276.57413;40160.0984;89984.44855;125591.5071;105144.4967;131108.4065;241340.0259;176956.1434;151271.6092;164902.6566;90011.8618;250764.7762;91842.4083;131013.5947;302334.3215;198186.995;140756.7598;41859.52914;136591.8288;60980.86417;41726.84669
2007-06-01;128057.1352;201352.6218;138727.7641;192547.745;285518.2099;171924.8321;122208.4572;198098.5851;67522.81058;126951.2486;123808.0237;258580.8449;100766.9417;75908.32937;45820.53119;98321.0696;116119.2108;105824.662;138110.2756;263284.8194;176713.5859;156162.9961;174166.9829;98534.45649;288670.3184;93516.14213;139187.6482;330716.4874;212896.004;150809.4077;51640.93173;154916.1133;66260.54585;44888.66901
2007-07-01;137723.7865;218939.6839;167264.7536;195886.0202;324594.4204;170310.5693;126660.3534;198427.7372;65868.23899;124395.9264;118685.1064;252750.3297;98021.43574;73504.57174;44260.76174;95614.17782;141749.4303;116696.2312;141356.742;256640.4426;193038.5571;163473.228;172586.6511;95629.20249;270414.7553;103141.1279;139681.1543;320693.4736;208677.1832;147875.9969;46360.89277;150772.6572;64547.86956;43853.71989
2007-08-01;141794.6202;222714.7944;164370.4784;212305.7163;323953.7673;187096.0522;140406.9825;219153.7757;74665.14963;137875.8484;135827.8209;278052.7489;113996.7359;85328.99523;52064.01211;107143.7037;136399.5112;120603.0875;153094.8751;287008.22;197393.0826;173791.038;186000.4492;107591.8075;320012.9027;106660.7323;159062.6206;373673.5797;236881.4864;161886.5715;57530.72959;175481.8919;71755.86426;48166.20344
2007-09-01;118075.4972;190208.745;135877.7518;171740.0751;274507.4308;148997.0047;100416.1699;167968.6918;56261.84088;110075.2895;99244.39108;225711.4034;82182.44863;61798.06674;36380.76103;85354.2552;118527.8302;97729.3818;120929.9608;222296.344;157490.1391;139131.6823;156739.3019;85025.46036;235502.2495;94820.67096;158791.9257;418974.9441;243381.9315;135646.2504;37739.48389;124257.3441;58234.68232;40180.62696
2007-10-01;76735.80587;127004.4626;74040.93093;111871.0649;184242.7182;101239.1757;48786.15421;103745.0981;30388.1852;72563.87436;50287.49549;154625.3146;43348.56874;29684.26627;15100.81127;54366.63812;62621.75328;52326.59125;72397.44437;143444.33;91707.82363;83144.925;117984.6636;52653.12177;135217.1881;41547.88327;80582.80009;186579.7677;134502.4931;97389.42468;16600.66916;55203.95887;38229.41002;28603.91486
2007-11-01;71610.95256;119049.8117;66454.68843;104039.7205;171721.3039;95840.84165;42999.40467;97345.85702;26924.10502;68263.01175;45200.43558;146384.9055;39251.36465;26039.09111;12747.32012;50338.83619;55490.20958;47212.57192;66804.8712;134460.5767;85978.33872;77277.18133;113430.7523;48495.62109;120232.3086;36301.64739;75072.02733;170826.622;126657.1476;93308.79986;13103.35681;47742.74647;36210.38657;26992.0781
2007-12-01;68823.3515;115048.3271;62881.90395;98660.31218;165593.5979;92043.3197;38863.87369;92602.41866;24832.71986;65312.7417;42297.75006;141256.3394;36418.09335;23577.33017;11158.75179;47607.65487;51910.92181;44065.33009;63454.16397;128415.2262;82836.11798;73792.66673;110253.2873;45733.2269;112472.1286;33441.49634;71272.90249;161192.4341;121590.2349;90496.69683;11535.06356;42441.35821;34790.88673;25904.81061
2008-01-01;68117.33723;114241.2633;62284.35016;96898.47744;164005.5993;90924.4169;38132.87705;91958.26042;24143.54798;64631.81359;42225.17109;140087.5926;35659.82589;23011.34411;10780.94696;46871.7168;50871.88822;43319.47535;62705.05035;126734.6753;82167.08601;73305.17149;109487.4544;45024.44619;110592.8196;32570.38218;70448.28415;158899.2612;120423.7089;89826.69926;11242.51717;41301.14472;34473.04657;25555.29168
2008-02-01;66951.92653;112891.0232;61229.98774;93885.01883;162369.8423;88650.45941;35767.50666;89210.56259;22793.09061;62749.61257;40668.53499;137058.3175;33842.42597;21428.96524;9848.331012;45218.21219;49580.5108;41821.61504;61033.51808;123160.0417;80340.58535;71555.14598;107677.7358;43334.64968;105878.3104;30986.28938;68462.72099;153715.4149;117695.941;88133.62455;10334.42433;38148.68867;33580.20169;24900.7557
2008-03-01;76078.43345;126544.6944;72623.78955;108862.8784;178611.9654;102268.9637;50784.92671;107556.4184;29778.16075;73544.72119;55042.37616;157194.2518;46057.32894;30937.08265;16409.78909;54732.39595;58551.54723;52069.56911;72588.18805;146872.1255;96735.61049;85868.38639;118959.7024;53446.11686;135997.4084;39872.75898;81156.01122;186891.5391;135973.2589;98910.81655;16634.49758;59372.926;38934.12557;28513.37823
2008-04-01;84746.41299;139616.0731;87207.34835;118728.5968;200635.7059;110446.0491;59616.43946;118183.1127;33299.17485;79151.65758;63001.1453;168627.8651;52473.43415;36300.31729;20067.48198;59305.33433;70789.30342;60837.05807;81623.649;161001.3235;110837.2793;96779.55472;125634.6016;58382.10458;153162.2736;48105.48681;88666.07308;203637.9733;145540.869;105071.4397;20419.29299;70854.38937;42144.07074;30206.08601
2008-05-01;94887.49981;154330.4315;98662.58132;138652.158;217627.3627;129080.2413;80849.22713;144464.9545;42424.38304;92981.83966;79908.61183;193645.8972;67452.82906;48072.4538;28024.50702;70486.47827;78750.41896;72237.4211;96049.79646;190316.9496;125930.6724;112054.2769;139353.325;70137.86459;190761.7414;58883.74579;103004.1003;241153.1639;166334.9819;118606.4007;28712.84124;97349.36213;48890.86336;34379.68558
2008-06-01;209233.3274;327540.7991;273737.1368;299656.1852;480630.9814;262688.9699;228244.1018;325185.6737;106891.7509;192263.2227;216083.8008;385703.2743;176050.0867;136892.6214;87933.66909;152997.1955;226353.9298;195124.9959;230191.7653;418403.4662;324397.5163;270688.9844;247741.5168;156515.5638;485103.6959;177260.0741;217967.5999;505357.3265;315743.1951;224570.4947;93178.41554;289032.3007;106535.5911;65291.94278
2008-07-01;155478.8332;249152.8115;191332.9682;213296.8225;361786.4456;185733.1724;141587.6255;216269.6199;67970.32535;134504.6175;137751.7984;276520.33;114091.6733;87302.19877;54266.11966;107138.2288;163449.3005;138676.9642;163418.3049;290896.2665;228585.4204;187004.5331;189391.4652;108035.7206;324700.829;132046.8782;199966.2008;503512.383;299517.8347;165533.3641;56884.02218;179966.0389;73506.15048;48395.81716
2008-08-01;123860.9866;201972.5533;139526.8908;182304.9617;282513.8569;164347.42;117047.7659;188243.0441;57275.83176;117974.2931;113238.5602;242513.8614;95721.59064;72648.22876;44212.78614;93808.87198;119049.2034;105909.0067;133138.7733;251418.407;174143.9245;153009.7482;169556.8643;94041.01074;272423.8307;91874.05086;140087.8437;341775.8746;215002.701;147608.9809;45442.75653;148387.9652;64105.88765;43529.03366
2008-09-01;75392.06904;126047.6253;74288.32608;106104.2404;183178.2846;98707.90637;46610.76951;100658.235;25860.55979;68738.29222;46871.35953;148126.0378;41649.35285;28514.99802;14368.1176;51999.07583;60784.48623;51958.16356;69935.41789;139053.3532;90040.90691;82259.2907;116355.4051;50324.55504;127850.8551;37342.55183;78494.65692;177045.0168;131948.7641;96158.02038;14663.62475;52908.21755;37707.43579;27820.98609
2008-10-01;73372.63763;122211.5085;69582.79699;106431.8765;173842.7553;99370.15986;47133.66348;102777.0599;26627.66728;69814.56399;48971.50987;149867.3923;42729.34699;29195.89716;14838.31662;53031.63993;56117.91891;50418.53642;69622.96093;140576.2514;88220.47019;81637.06112;117084.275;51320.58585;130138.7172;36361.57224;78981.67419;180345.962;133438.1368;97074.64063;14718.35952;54425.10974;38063.54973;28073.0668
2008-11-01;70399.77264;117690.5916;66333.57865;100012.1841;168953.1355;93958.81927;41759.18448;96050.28892;24176.22614;65868.20519;44200.69206;142722.2579;38272.81594;25453.96936;12379.55868;49174.58421;53039.73645;46548.6576;65179.17091;131634.2504;84237.01322;76613.17044;112454.4679;47349.27607;118110.1524;33591.86366;73855.89874;167369.8876;126106.3238;92721.09997;12422.46129;46415.86894;35902.03097;26569.25359
2008-12-01;71512.26389;119059.4677;67385.29533;102902.9542;170331.0399;95941.65945;44462.77392;99900.17509;25385.39279;67574.37336;47297.27876;146349.1784;39965.18093;26938.02166;13391.67389;50882.47114;53220.47657;47623.3989;67179.9953;135295.9034;86263.37278;78592.28826;114369.2819;48983.39152;122868.4899;34919.92646;75794.48569;172837.2037;128847.9481;94384.67574;13371.00533;49594.45882;36711.28669;27124.78951
2009-01-01;75194.97657;124472.9326;74194.34953;108005.9706;179341.1636;98922.53888;49166.53597;105517.7089;26860.7668;69566.60879;51117.59359;150838.8873;42150.17331;29120.16311;14781.15097;53132.28393;58251.97613;51666.43792;70993.64752;140054.1347;91849.65026;82847.11611;117177.6674;51138.79806;129265.9156;38340.01654;78996.26434;180362.9951;132766.2756;96703.70722;14658.3176;54013.20612;37917.35619;27917.16662
2009-02-01;84381.72698;137755.429;84789.03437;126596.0448;195179.2624;114035.1956;65928.21211;127722.4406;34032.0906;80467.98116;67420.82924;172419.9507;54512.12436;39467.17519;21843.20319;63627.96628;65630.51426;61782.9262;84679.13032;165766.4394;107303.1235;97632.00152;130015.3817;61781.03364;163241.5237;48582.09014;92698.86231;215649.8623;152003.9649;109064.1568;21721.49715;76617.17767;44555.31174;31742.59427
2009-03-01;91549.47567;148328.2142;99335.88123;131575.1753;213952.4231;116014.5113;68995.65715;127547.0788;34207.79032;82307.37734;70490.78482;176362.1478;57515.50215;40385.13279;23513.99678;66526.3018;78802.77354;70045.81922;89380.77772;173098.8994;121636.5159;103004.5638;130598.0219;64734.74604;174788.691;55864.39222;96725.58761;224294.7206;157195.2463;109898.7304;23854.92191;77845.40999;44274.71459;32878.85606
2009-04-01;119017.1553;187612.5104;131202.2817;184694.0181;265465.5583;162488.1084;120932.0465;192906.9464;56317.47365;116885.2562;116958.2648;241202.4093;95836.11023;70130.41019;44403.74225;96182.44028;100212.6514;99759.79686;127663.9738;252658.4244;167852.7625;143994.3427;165228.6029;95444.3779;264207.0401;86268.98289;133468.8524;315944.0775;209975.3873;145429.8159;40845.84725;142801.9871;62830.6067;43784.96468
2009-05-01;160109.5287;252328.5384;204101.1307;230790.3764;361046.9542;194114.0177;154860.6688;233112.4399;71620.3478;141763.9818;152883.9118;292033.8342;124441.7632;92436.92529;60095.0464;118279.5467;167810.3921;147204.3386;171518.4131;312364.5387;243808.7246;196568.9857;194126.3967;118263.2571;354924.1533;134775.1193;201399.4339;489645.2765;294809.1867;172441.9084;60164.90239;189914.2771;77698.51398;51942.39056
2009-06-01;193122.39;298616.7026;245257.1175;288374.5952;427071.692;244533.4425;209463.815;302242.9955;95126.69706;178432.9827;201737.9329;361712.0562;165026.7162;125277.3024;82686.91421;153136.6854;197229.7812;178618.2804;214759.0814;398650.1298;296520.7429;243651.4871;233378.8283;151645.6808;449784.3075;180553.1209;246601.3613;656122.4327;375515.6651;213792.8488;77634.16672;261356.4098;98849.46263;63757.38502
2009-07-01;97255.32281;160393.6551;114676.3895;138982.633;234900.2588;118597.8456;71812.13915;128841.8165;34211.981;83322.06345;69834.6194;178643.2314;59785.16757;42200.7705;24988.65867;72272.05217;91502.37393;79151.99071;95244.519;178250.8714;127740.4876;109538.7275;133511.3869;67412.52512;183848.6781;62171.87762;110106.6327;255283.9744;172696.4393;115873.9979;23381.32158;83737.06663;46252.87646;33762.52297
2009-08-01;96872.04909;155531.8637;102943.8955;149175.7171;221288.7068;132320.441;86872.67303;149197.4237;40678.55304;93317.87646;82673.79177;195219.9912;70825.61946;50215.44278;30502.63721;76687.62749;79593.71674;77406.64351;99369.26186;198767.3178;126041.9476;112843.091;141219.7337;75185.63443;199848.012;59253.43359;106226.1951;245911.9456;172720.386;121684.4963;27213.13906;99558.98201;49887.59905;36570.38704
2009-09-01;90484.66551;145938.8487;97118.30485;132116.9322;211710.7165;117168.9867;70634.50402;128571.4016;34016.73764;82902.42541;69257.58934;176309.6774;58676.70768;40525.34205;23847.4482;67024.22547;76576.3523;69759.8775;88614.84826;174478.4646;118645.4494;102005.0858;130048.2988;65223.2793;168719.4035;54014.64003;95537.70268;218518.3561;156532.4811;110333.8373;20952.31122;78367.34319;44257.3387;32954.65529
2009-10-01;72120.67097;119418.6981;68914.60991;105179.0843;171813.2093;96204.95796;45711.32237;99482.11098;24473.41463;67358.78974;47539.90388;146180.6821;40628.7235;26843.11572;13909.2245;52316.66011;54182.38807;49283.83648;67766.73442;137092.3355;87078.82762;78212.6838;113461.0333;50191.27876;125183.2534;35179.01981;76278.16683;174139.9462;130778.1247;94586.46584;12739.32378;49122.40827;36609.51295;27508.18393
2009-11-01;69114.4833;115258.8172;64847.41652;99067.11745;166009.3639;91746.55366;40602.53173;93641.17706;22632.63282;64337.4036;43606.97168;140625.1781;37086.17422;23873.14269;11808.62756;48885.36912;51160.13771;45556.23329;63954.23609;129584.5138;83204.58913;74185.79918;109896.3068;46785.97677;114977.3655;32630.15011;71949.53853;162909.2238;124440.4113;91137.91001;11014.8443;42794.92539;34937.15751;26199.67201
2009-12-01;69814.03291;116467.8197;65590.19101;100356.6892;167249.0337;92711.50196;41573.52465;94744.94898;23201.64362;65148.00632;45258.24577;142113.0155;37563.95075;24501.849;12124.76827;49505.22816;52034.23798;46164.68382;65004.89545;130954.1334;84867.65313;75299.00497;110758.3226;47527.88705;117483.201;33773.35694;72896.02947;165760.1824;125809.6061;91989.89332;11588.42357;44324.25445;35330.69551;26432.69429
2010-01-01;67066.28197;112747.1495;61999.89063;94207.88491;162564.5256;88315.09852;36557.57117;89142.55571;21371.08505;62089.42062;41148.21857;136570.7402;34058.97519;21523.31355;10101.76536;45938.50762;49085.92325;42464.68699;61227.36132;123660.2683;80892.13818;71187.46662;107109.8499;43947.84611;107461.4135;31170.88464;68499.03703;154408.5867;119221.118;88441.25354;9964.86146;37978.19835;33676.38946;25075.57672
2010-02-01;69285.88611;115571.0521;64347.0692;99094.02859;165583.6136;92623.62313;41377.75022;94801.78392;23168.8351;64918.69676;45743.00355;141756.4695;36742.15436;24169.19419;11708.32756;48556.52601;50617.11109;44779.00636;64386.07925;129802.69;85002.54679;74681.47302;110243.4865;46744.66377;116479.8993;33852.90268;72191.47807;164868.9959;124706.3942;91553.7436;11922.3602;43971.40664;35252.45816;26056.53459
2010-03-01;81293.17403;133951.93;81919.57498;115294.2449;191055.8617;105415.0372;54965.62099;112457.9054;28791.44794;73104.20215;58004.70167;158578.8285;46695.44739;32503.8406;17710.53399;56464.14757;64023.33409;56302.56003;76517.54272;151591.7716;102944.6776;88581.04277;120042.8782;55252.53797;142175.5185;44711.53057;84232.11765;193073.3378;139752.6083;100292.8054;17304.25858;60498.86316;39639.5629;29123.54994
2010-04-01;69207.85153;116107.7396;64047.82158;96422.3907;165553.7381;91044.82663;38536.72761;92645.44559;22278.3173;62977.31924;43267.93671;139002.8043;35223.69307;22977.23204;11060.93216;46564.02022;50075.42664;43306.64742;62933.5826;127107.9068;83508.20124;73190.58913;108782.5602;44884.14037;111454.3623;32769.74621;71074.99892;161012.6209;121924.2343;89557.14369;11300.84878;40594.14071;34452.96702;25405.55683
2010-05-01;128692.3424;201393.8913;143996.2449;193479.7761;279379.0326;172806.8647;125053.4871;204593.2367;60634.18168;121852.6064;125663.3184;252887.5988;101266.9559;77056.7649;48038.74487;97945.57858;117540.8471;110721.4175;138272.2929;266294.5991;191854.4669;160743.2392;173012.9614;99061.6039;286201.8707;98139.92393;141121.4941;330069.809;216617.0218;152618.9235;48278.03385;155269.5887;68076.26563;44570.82403
2010-06-01;303450.6655;480297.3876;427937.7537;425964.2701;694518.0531;357290.7887;330623.8289;457419.5008;148413.7369;255540.9966;309365.7475;515024.982;247744.5488;197789.3629;129605.3513;208158.5426;352985.1995;299338.6202;336900.3525;580291.9207;489852.5705;388500.2561;323166.7492;214282.5794;700544.2944;283676.3756;300353.4029;685667.4843;416198.0081;294908.5271;141323.6318;414583.7646;145528.2873;85418.4866
2010-07-01;285001.3654;503273.0699;453927.5608;368892.6473;795946.4951;274554.9381;261045.0826;340277.5025;106558.7847;192753.185;222576.9267;394148.3703;180389.6842;143728.4081;93250.35238;159043.9943;334839.5405;264209.2416;282112.2851;438867.6739;361072.4845;301770.4139;259780.9446;162234.5431;508840.7307;248926.1284;311989.0959;788678.421;439180.1405;231401.5017;94539.96277;298386.1377;109448.2609;67456.71558
2010-08-01;148102.2263;232836.4148;179185.1041;217387.2964;331974.4263;191272.522;148179.8601;229903.5931;65418.55162;129146.964;133947.2855;270799.4871;111403.3499;86918.11395;55378.1088;122442.0347;141319.9046;129028.2247;154957.9525;289245.4076;209496.8576;178967.3045;186546.2615;108968.6304;337795.8069;108750.7149;152864.1944;351349.3652;229033.4179;174367.5756;59959.60718;184859.3473;78355.14289;48238.46376
2010-09-01;107480.4647;172129.4224;115192.9829;162422.1776;238430.2433;145475.6527;94309.90005;163772.7556;43547.58757;97076.99668;89395.72513;205380.1582;76406.12751;58509.74661;35377.69827;81560.19974;88950.98162;85698.12298;109206.2441;214838.2409;137800.9858;125446.7643;151425.7858;80608.6877;226570.3776;65649.50752;115636.2394;264999.9869;182764.1215;130892.8471;34586.78886;115792.0575;55279.59394;38648.8477
2010-10-01;79927.02574;131434.3818;79167.16504;117827.9765;185608.5913;108170.788;55098.62208;112953.6034;26656.1451;70977.14549;53169.04414;154018.2159;47180.55761;34001.24949;18329.84868;57176.62168;61595.34001;57564.14402;75947.42632;151362.0951;94160.63833;88119.07303;122561.1119;55805.16261;145721.0974;38944.88472;84428.00796;189207.9828;140480.4643;101908.536;17951.15308;63100.45677;40622.79475;29732.36981
2010-11-01;77106.71997;126754.0451;74406.16733;114357.9555;179088.8922;105885.6972;53011.08724;110286.2334;26031.83466;69963.69052;52054.40927;151455.0626;45992.35886;32592.04289;17087.92904;55957.51905;57766.42656;54688.64965;73329.46587;147256.6159;89970.03222;85104.17569;120779.2411;54545.22496;141434.4531;36481.62711;82176.53918;184636.5459;137999.4543;100364.723;17234.63193;60330.79648;39741.98601;29156.36328
2010-12-01;72522.27169;120373.1793;68683.85196;105969.4433;171066.7076;99109.15947;46073.83579;101590.2178;23713.24977;66125.28044;46840.89017;144054.3158;41089.80972;28235.15162;14174.84526;51577.13002;53671.02814;49615.04531;67989.33309;137157.5711;85121.50812;79070.69242;115471.9337;50063.58361;127536.9304;33392.95346;76247.5816;170335.752;129659.5405;95496.07587;14408.27429;51268.22162;37286.44109;27455.22344
2011-01-01;69992.16592;116914.3689;65500.08649;101257.9179;166873.8613;95442.22462;42597.87637;97334.82027;22813.82918;64457.20017;44705.27351;140714.795;38651.94485;25986.8331;12541.58798;49264.64045;51288.89501;46660.47835;65182.11597;131841.1195;82967.65137;75899.948;112566.2452;47703.88609;120227.6834;32091.06311;73133.46934;163495.9388;125407.2812;92868.47878;13081.40038;46485.12143;36108.30143;26496.07837
2011-02-01;67644.22935;113877.8325;62657.90516;96271.20745;163255.9497;91391.59119;38548.51753;92484.07531;21588.75918;62504.07135;42197.18814;137146.3122;35773.24954;23273.52253;10840.60867;46595.36827;49232.61648;43679.42512;62384.98449;126138.0243;80863.51794;72701.71309;109364.4086;44973.78141;112015.6531;30852.04509;69767.2112;155788.5479;120580.2512;89952.12042;11452.02358;41151.27951;34409.05175;25430.77576
2011-03-01;100159.0705;161723.8494;108198.0854;148361.0058;226951.3049;135166.9868;87493.01004;154524.1106;41820.02181;93016.51418;86192.48843;196358.3894;70404.63442;51646.07835;30576.98563;74485.01784;84145.34926;77839.32191;100595.8865;199060.5304;134450.66;116462.8276;142100.9166;74450.70058;203271.6458;63934.87591;107525.7608;249080.9519;172112.4859;122184.7036;30388.80318;100852.0396;50824.72372;35929.7339
2011-04-01;92265.67698;151326.6095;100464.0731;128398.0676;219497.4697;115456.3876;67200.8087;127564.4306;33136.06891;79395.26761;67182.88726;171326.6459;54152.85534;38620.25642;21826.27872;61613.59459;77921.15128;66971.3881;87100.09968;167131.289;118878.5827;100534.1753;127511.7284;60856.64999;160953.0823;54402.34584;92191.58685;209251.1523;149151.7221;106826.0711;21653.2537;73296.12869;42885.67203;31161.44836
2011-05-01;104115.0756;167105.9904;109658.3068;157196.714;230872.2396;142214.7893;94338.75203;163980.6097;44771.92855;97722.04328;92235.67593;205432.6479;75739.1426;56026.06183;33757.25082;78489.84826;82332.09658;80324.50336;105302.7867;210479.1191;134662.6661;120306.0318;146536.7067;78673.4755;217794.7197;65256.18678;112704.0743;264163.7042;179925.3874;126984.1272;33237.58194;110388.8472;53023.77999;37459.71474
2011-06-01;176538.1565;278166.7085;227442.1363;253027.108;401889.277;217728.1322;179874.8288;269440.238;81482.6045;152816.0305;169058.9647;313517.3821;135687.7517;104908.9397;67296.45091;123839.0772;181859.4167;158867.9856;186773.7944;339014.9288;264560.2355;215349.1759;207417.5255;126346.1294;393579.0167;143840.6585;178730.9461;413922.1001;262637.1174;184959.8658;72512.72196;215688.8144;83468.0711;54318.19904
2011-07-01;115541.3021;186703.1515;132186.4647;167549.6235;264560.3321;147639.8993;99812.62457;169643.4395;46818.81666;101525.5712;97980.53312;214465.5983;79862.25361;59974.48218;36490.2547;81943.81142;103217.6514;92801.38922;116659.3165;221577.9605;155358.8097;133559.7922;152874.6711;82097.40865;233859.8299;79523.8173;135571.0691;328588.2769;207310.7886;131531.7814;35747.62022;118466.0611;55242.47164;38823.52147
2011-08-01;93478.43564;151415.1932;99173.86401;135751.6451;212972.0542;122059.2052;72916.20076;134051.8595;34457.81913;82650.15399;71766.30235;177376.3511;59248.40283;43859.86108;24807.68439;66989.86959;77287.54699;71093.80871;91415.36415;177822.0119;116543.0396;103500.7349;132742.5317;66157.00507;177622.2496;55537.37408;101478.0543;238901.1447;164932.3776;112585.9723;23834.25817;82337.99636;45627.41214;33212.33886
2011-09-01;107023.6609;171361.7935;116310.0221;159358.7494;241295.3188;140116.1742;93489.36617;159477.0927;43275.28006;97026.99816;92833.12833;204327.7752;75337.0977;56073.43876;32863.85071;77964.07199;91494.65883;83883.94332;108570.2258;208506.4659;139426.9034;123453.8047;148105.1906;78664.99275;226049.3617;67855.86369;114688.2566;265651.783;180110.0478;128082.3662;33719.99815;106343.6308;53578.73654;37485.29819
2011-10-01;82443.44902;134773.6613;84015.21599;119341.3249;192962.1398;106057.776;56776.52729;113152.5933;27764.77879;72546.9861;58148.84573;157181.7763;47428.43556;33518.11633;17750.86087;56791.1464;65804.41314;58697.37142;77528.37127;151454.1839;98841.95995;88413.71477;121161.1147;56258.52406;144774.8913;43217.04501;86403.71239;196989.6569;142305.9511;101607.1254;16500.33295;59509.98259;40190.10669;29612.41633
2011-11-01;126045.4913;198760.9642;146583.2967;189294.8864;284267.6868;159914.7198;120443.0884;189530.9937;52709.0587;111113.1016;113365.6229;230137.6534;91205.12509;69252.59238;41349.10101;90543.98203;114617.4206;105320.0612;128166.093;240191.8752;163537.1311;144368.0377;163933.0637;92733.07335;258976.2175;82991.8685;133248.2139;305431.2558;204024.5397;144750.1817;38391.17619;130961.1726;62853.33198;42542.5719
2011-12-01;79196.495;131349.9695;82564.18705;111334.165;192492.7061;98427.49751;48655.57194;102281.3909;23935.48393;66717.11791;49167.18292;146206.9559;40762.68053;28333.62061;14248.08928;51702.46428;64211.48515;54894.38421;71994.88288;138539.4827;92385.40113;82084.41174;115374.7369;50583.42147;128602.2813;39685.22108;81898.34154;186985.5494;135801.4215;95374.94195;13466.92273;48971.86232;36926.69892;27676.58374
2012-01-01;70692.67631;117249.6042;66810.50062;102168.0397;168892.9596;93883.06832;42604.47621;96257.32219;22241.27465;63997.62511;44668.89954;139774.5563;37733.11821;25248.59208;12143.03854;48625.69159;51749.53222;46241.24104;64772.57323;130486.8625;82444.08631;74719.6092;111334.6864;47493.9512;118171.178;32237.20837;73538.56552;165265.3921;125417.5744;92125.965;11567.15392;43352.58561;35333.65023;26433.32675
2012-02-01;78054.96347;127023.1951;75703.37695;115757.2188;179819.0947;106277.1013;56556.69022;114497.9088;28513.48686;73670.09407;57707.88252;157240.6969;48770.42466;33455.4323;17209.46127;56286.10146;58455.07461;54383.98021;74888.58354;151939.4535;96139.06574;86804.52132;120844.245;55730.0055;145194.5583;40510.38015;84489.60328;194282.012;140897.6208;101583.4587;17576.26194;60799.28398;39898.08413;29270.26972
2012-03-01;75049.24411;123644.5484;74368.50429;106629.1959;177690.1889;96772.31276;47805.43774;103396.6051;25341.83961;67709.98156;50309.06206;146962.4183;41304.75122;27819.21181;13919.10253;51395.04772;57368.31164;50633.08686;68731.30131;139199.1001;93975.9779;80052.02687;114399.9299;50582.2193;126611.0115;37285.35721;78340.05547;179245.7049;132600.6278;94829.62203;14046.8013;50069.82136;37093.57551;27610.77842
2012-04-01;79180.36473;128682.1843;77223.27697;115470.2922;180277.6558;105057.4;57167.40024;116400.0252;29585.53174;74171.95737;59032.44263;158428.2342;48917.90485;33661.25616;18007.06346;57328.86225;59062.17331;55058.25055;74430.74173;154252.5465;101876.1692;86959.71179;120900.375;56931.73707;146018.3558;41059.29208;85888.6832;200385.7327;144517.4056;101671.2699;18254.40913;63645.80566;40752.41143;29910.04899
2012-05-01;90692.08503;147045.952;97691.73324;128731.4297;209171.9735;115010.8813;70140.4379;131963.5667;35130.70866;82168.09022;70023.88573;173729.6262;57316.33848;40410.73072;22711.23952;63767.49963;75838.88376;67669.95764;86173.41793;172996.5849;124546.0668;100736.1778;129629.2884;63767.012;167776.4418;52691.36417;96047.4211;224022.4035;157675.7362;109342.4317;23274.45433;79054.54284;44857.31131;32410.38305
2012-06-01;121994.9545;194292.6915;135371.1619;190532.3546;264042.0971;166364.645;125553.6654;201793.6864;59823.94588;121020.8137;125956.589;250901.0024;99640.27548;75137.73608;46620.21786;97172.9672;104275.6734;102559.4534;131831.1836;268344.0363;184617.6782;150467.3746;169903.764;99913.22994;302690.6841;89701.00772;139538.5648;338074.8253;220246.8295;152679.225;51742.04886;154157.841;67918.28942;45444.8567
2012-07-01;132160.2584;211584.2235;166259.3372;189190.4089;308108.4845;160990.924;123986.9099;194479.65;56386.83718;115421.4717;118289.3862;240928.5278;93334.44607;70229.18576;43225.47948;92026.0452;132312.5424;111699.6235;134218.7047;255117.1389;200734.525;154873.0284;166867.0828;94032.41694;270896.935;98188.98582;137048.0919;317426.3434;210991.3673;146582.3504;44674.21997;144212.741;64367.57845;43399.62459
2012-08-01;165483.0565;260956.3637;205994.3154;254219.058;370378.737;221756.7694;187954.9491;274075.4814;84323.90714;154654.7266;179187.1705;320295.996;140902.9509;110854.1483;68347.12476;130814.0931;160971.6604;151206.1805;182402.9117;357552.8126;263486.6867;207850.1122;213611.6645;132466.5259;427516.6383;142613.8119;221966.8636;567905.458;336666.2149;193401.5243;76553.27457;231836.5989;91614.45057;56419.45982
2012-09-01;95328.59337;157415.8849;110126.2826;134713.5336;230835.238;118421.8272;73125.2135;129320.1724;34506.85206;80345.37953;72614.53432;175580.1315;57516.23118;42767.06797;23464.52934;67093.66626;87490.22913;74396.90727;91600.90327;179381.1007;137003.2593;107424.4312;133648.0283;65443.72952;180803.7701;62338.35107;109803.6289;277024.0617;177269.3825;112305.2351;24033.7936;83540.90595;47280.46775;32823.67471
2012-10-01;95518.02385;157684.1079;108145.9819;153732.5542;227629.23;134039.7316;87587.04937;147349.651;39095.75897;87217.574;83072.19636;186456.6929;67752.23601;52630.92273;28165.76394;74998.58898;83045.36247;78721.96287;97802.91188;200335.5024;143572.4258;114800.4781;143553.7512;74829.32979;205966.1586;63677.02818;108020.0007;254429.0171;176311.2416;123846.5316;29623.46998;105176.4096;53948.92162;35582.35618
2012-11-01;81129.49598;135037.5488;86708.89843;122923.7702;197028.2421;108081.1325;60283.3423;115802.5246;28563.18122;72071.69598;58871.05304;157081.3351;49273.0701;36098.61892;18514.77344;59885.47361;66753.47257;60227.69505;77418.68448;158434.5492;110485.6192;90670.05014;123929.0417;57623.86125;161779.6898;46587.11243;87175.38714;204557.4517;146262.5742;103825.397;20544.71898;69136.86579;42542.94848;29968.66062
2012-12-01;72321.51961;121041.5161;70977.84555;106700.0706;174839.3848;96691.74349;46432.94066;100037.1448;23830.05542;65165.19874;47627.53648;143240.5701;39919.50104;27996.26336;13398.39444;51554.27438;54672.10418;49096.88759;66572.34138;138196.4743;91270.9111;77848.37919;114443.0437;49584.5325;126336.9466;35462.78894;76210.9614;174968.7746;131046.7919;94606.48263;13629.94538;51031.95494;37303.74214;27137.57157
2013-01-01;69166.70269;116009.693;65590.50965;100417.4058;166711.8924;92747.31588;41627.09588;94915.76278;22622.36372;63221.08859;44397.14241;139148.6574;37065.64808;25192.58514;11675.76528;48566.46681;51039.88248;45265.57463;63154.95014;131040.5638;85262.49468;74074.6302;111146.7043;46683.75885;117471.4015;32316.5634;72218.05608;164923.1465;125278.3163;91626.83916;12005.82504;45212.83865;35657.11015;26022.89325
2013-02-01;68515.52457;115694.4358;65002.58768;99277.43375;165286.6158;92807.80077;40956.05546;95225.90232;23286.43978;64208.49663;45375.97114;140591.5947;37835.03437;25419.83798;11919.43806;48744.06874;50896.17777;45367.23733;63729.7352;131126.608;85978.10698;74823.61346;111563.04;47034.55478;119014.2971;33326.38291;72399.20175;166318.9144;125543.7391;92326.23911;12446.80274;46256.4202;35677.09315;26086.97981
2013-03-01;95239.23719;156025.6498;106082.8911;139560.4162;223249.3479;123830.3096;81121.59741;143873.2281;39790.34302;86913.59496;74570.5744;180573.5528;65033.96952;47988.65461;26190.30574;69716.7685;81996.64879;73084.12743;93504.78673;187062.1598;134012.5501;109058.4308;135935.2434;68676.26721;186498.8508;60639.73868;100400.9811;238538.4479;163960.6025;116231.162;27273.94018;94930.70054;47859.95042;34241.98928
2013-04-01;83471.41206;138917.436;85601.09997;117938.7978;197973.753;107093.7631;60004.13561;118642.794;31632.41985;74758.33923;58863.98971;160096.918;50596.5246;36168.24076;18769.25969;58410.59929;68367.67745;58318.19665;78693.6999;157869.0194;108117.352;91642.62664;122572.3418;56973.01143;149926.5736;47871.04994;86256.18875;202790.4124;143800.5767;103091.6702;19474.85273;69062.10941;41133.61394;30015.81788
2013-05-01;75442.27517;126221.0172;76442.09111;110646.3811;182170.1066;101673.568;54861.99814;110453.4456;28538.23024;70497.20603;53035.1885;151241.2026;45640.158;31753.6431;16114.30608;54653.86891;58227.99557;52524.41758;70866.60415;146287.728;98000.54026;82826.29788;117780.2761;53125.47648;140400.233;41765.84226;81462.57806;191254.7164;137424.4133;98200.84333;16186.07394;60137.51811;38704.5384;28652.28394
2013-06-01;79914.74819;133498.9114;80159.5121;115925.7538;188485.1575;107455.3303;57687.09809;114779.3509;30954.94857;75639.42558;60184.44604;161203.4129;51593.90724;36420.69322;19180.89294;58706.3418;62327.46881;56821.40815;76163.1403;156245.4772;104579.8455;89795.02773;123102.0674;57611.87822;155692.4615;46689.99177;86688.5823;204149.256;145351.9696;102783.4425;20291.64129;70729.93863;40960.90275;29996.72082
2013-07-01;83121.31619;139220.7102;87212.12804;121112.1687;195223.9308;111617.7796;60832.48115;119097.3383;32887.61884;79077.24398;64817.2996;168344.907;55084.8189;39097.37876;21117.0128;61062.01762;68743.36642;62197.71212;81508.00931;163338.1798;112482.8371;97051.60153;127174.2915;60148.95076;162858.4335;52099.38669;91063.97438;211643.8007;150000.2679;106126.536;22798.88901;76414.64889;42615.28605;30794.46664
2013-08-01;101345.9898;165410.5983;110145.0151;149379.3225;232456.7814;138043.9779;91244.74347;159667.3729;47403.76943;98320.41299;92736.28879;204442.0052;76959.98329;57229.22248;31760.84161;77723.46497;85129.97639;78305.6851;103790.2493;205535.5225;140198.105;119115.1053;146963.9633;78602.62012;219106.5388;71034.47288;110901.0665;268438.1626;179870.0588;126440.6515;34725.35419;115467.1347;53842.5951;37294.9504
2013-09-01;77523.39363;130499.8981;80173.92361;114774.8512;187198.0383;102742.2792;52943.78042;111300.1567;29633.71253;71904.40661;57123.06011;155768.1738;45975.35473;32104.06727;16151.01559;55020.80476;64259.97734;54566.23149;73724.94471;147110.6951;100532.1282;86876.95062;119363.9874;53994.11631;147848.883;44910.11971;83179.43537;197377.4979;139340.106;99049.196;19103.26633;61388.63987;39597.62469;28682.00254
2013-10-01;71505.40817;120682.8457;69654.49244;106712.7392;173971.7202;96891.45756;46189.95345;103050.7482;25629.36732;66447.2968;49595.67064;145744.9476;40548.76739;27591.56549;13142.98122;50945.24932;54277.63921;47981.47058;67433.98064;136107.3607;87241.05728;78356.90993;114263.443;49760.39636;127312.9027;37208.20132;77230.17615;181121.8758;131685.0311;94574.49245;14370.05603;51162.32479;37076.41205;27152.93178
2013-11-01;66083.48465;112084.0559;61191.81776;92864.92538;161712.803;87483.29616;34968.35831;88608.6781;21392.36194;60666.19599;40141.34896;134528.4966;33297.94613;21298.51574;9481.327571;44437.15668;48319.03785;41066.08987;60047.22047;121359.9308;79921.95636;70180.6646;106816.6083;42684.45647;106297.8519;30997.80411;68552.83999;156943.0232;118935.8715;87432.85346;10152.17426;37490.14306;33434.88684;24609.80496
2013-12-01;65538.24198;111149.2825;60203.93658;91978.24824;160120.633;87040.3583;34273.00179;87883.76713;21103.29169;60392.9615;39852.17249;134060.2119;32971.05834;20990.8433;9274.418011;44164.82502;47541.60333;40436.92249;59381.01768;120677.6894;79327.75319;69716.75402;106386.4549;42439.73118;105260.1557;30311.71972;67916.26167;154908.5237;117919.4473;87098.41955;9971.92841;36816.3676;33233.63507;24497.69935
2014-01-01;64951.41113;110319.5368;59237.81991;89910.30049;158923.6715;85838.44328;32712.54194;86033.47421;20557.20654;59705.82461;38617.51413;132646.648;31949.53582;20039.72594;8758.502282;43136.80887;46849.95711;39549.92911;58662.64862;118744.4905;78557.14059;68776.8774;105394.2672;41360.51434;102220.9446;29758.93334;66578.88812;150560.371;115696.1353;86136.81221;9412.080511;34675.62121;32752.25928;24085.18982
2014-02-01;72655.69764;122603.5885;71930.89288;103302.8362;175861.197;97081.52533;43791.9749;100810.6831;25001.85111;67260.42455;50397.82441;148088.3024;41179.27694;27943.3246;13769.91566;50446.21521;56415.01325;49815.23252;69210.20758;138313.659;92405.7076;82241.34994;115139.151;49083.77481;127417.6311;39611.23234;77921.19473;177086.1511;130270.8299;95006.11353;14927.66677;51927.99354;37129.03941;26836.97936
2014-03-01;66738.67965;113869.3836;63463.3854;91193.10343;164817.4524;86920.13204;33351.5777;86749.43411;20556.04783;60297.86003;39254.34351;134141.4088;32414.16577;20596.09348;9257.264815;43651.6546;50095.97933;42141.22707;60676.26715;120922.0333;81626.05333;71412.69654;106673.3719;41808.99954;103968.8845;32069.7476;67839.60789;151668.9903;116604.1231;86954.88381;9969.566926;36030.45031;33185.76327;24315.67258
2014-04-01;97348.02961;158881.9191;96180.42219;153328.3947;202949.2722;141860.0199;77840.00266;150881.1032;45032.61513;103424.5398;98447.41774;214417.4924;81246.98961;61012.11083;36105.52776;81561.89919;80819.14884;82201.15221;111209.0528;225397.469;147512.6821;129095.7971;153557.3759;82160.04682;236627.3804;68753.68863;118888.1325;279132.9796;188286.0711;133467.2688;38257.85646;124906.3207;57348.53625;38517.03912
2014-05-01;161633.7111;265234.4334;210996.4271;229853.3435;375421.4616;197451.7908;147791.1694;227781.1954;68915.46929;138859.7417;149349.6498;283572.69;116297.2569;92478.03068;58150.6514;111175.2087;179244.8938;152424.752;173634.8047;312018.7204;248750.7763;198038.7375;195812.2101;114203.8368;339771.9941;123714.9113;165082.8559;372953.516;245443.3036;168567.5926;58849.09058;191027.8594;76781.28541;50128.49092
2014-06-01;87011.62219;151338.9884;94831.02214;127363.693;208646.0524;113847.1073;56016.57003;115688.3719;29987.30868;78350.66736;66726.61936;170087.1885;52872.23464;39900.81918;22593.30896;62369.39013;81083.41777;70639.78583;88309.44979;171377.4362;117742.2123;100377.5364;129846.6053;62182.82264;176971.3998;48869.02642;94746.06907;217825.2711;154457.4845;108009.4564;24318.60316;78252.46149;43802.77026;31743.12052
2014-07-01;124657.8248;207142.524;150979.0725;201541.2025;285214.1633;181421.0751;123562.2411;203071.7676;58906.22967;125183.4948;132421.2202;259251.8756;104783.4027;82726.98641;51480.35324;102745.0118;114913.0086;113878.6823;141900.6039;283610.1358;187515.7192;164939.6582;180370.3723;105467.2276;310676.5623;101096.8469;147710.6677;344305.3865;228728.8306;158359.368;50089.13809;168374.4543;70050.09681;46862.26362
2014-08-01;169734.611;280512.0814;215497.8969;244084.5566;374355.5603;208564.672;145649.933;231156.337;72060.58198;147201.0652;164597.1615;303830.4727;129160.6271;102189.8621;64950.86557;120216.2218;193540.9756;165010.5522;187570.0049;335531.8723;265156.8382;210976.4585;207283.2305;124060.102;394715.0588;129687.5428;176471.7815;405532.8541;262005.0774;180924.2377;68730.57228;213499.7327;82735.6478;53426.38493
2014-09-01;80368.98834;138208.3704;83981.37188;117051.2516;191380.4755;104581.4774;47325.42586;106237.0484;24992.90004;70414.46418;55969.20276;155750.7834;45698.5572;33232.346;17646.6997;56507.62349;69642.24869;61635.79845;78134.55266;152542.3132;102156.5684;90354.12669;121965.8997;55762.62814;151789.4869;50608.80214;102464.825;256205.075;167006.6307;101142.6548;17393.22008;63837.74668;40134.46185;29521.68176
2014-10-01;78550.7049;131778.6745;77741.42504;117450.2259;181064.8284;105014.3441;47838.68802;108886.8349;24627.36189;70118.43681;56465.21455;155220.7296;46198.66312;33449.94047;17282.068;56905.80601;61917.04738;57835.17212;75802.3746;151619.3393;96090.7377;88045.75539;121410.2479;56436.84536;147010.8043;43934.45331;86567.14904;197475.4093;142801.7263;101357.6446;17794.57578;65417.30118;40890.10531;29703.20159
2014-11-01;69987.34277;118970.3529;67019.89961;101311.5567;167881.7883;93291.35156;37529.27381;93114.86006;21134.72664;63296.82988;44162.0248;140027.9671;36725.90098;25152.37534;12315.94647;48606.34589;53736.62102;47881.41078;65022.96656;131284.3766;84455.42121;76086.90655;111882.4686;47364.37315;120181.3542;33595.71397;74410.5801;167339.9928;126508.5812;92005.42974;12227.77677;46397.98129;35564.71235;26441.49327
2014-12-01;70648.82863;121356.9664;69706.0166;109611.7941;172255.5871;98594.62273;42249.9193;101191.6298;24267.10314;66942.4299;49995.04083;147275.1456;42086.11572;28957.4748;13855.67017;52430.32998;54222.04506;51257.10762;68284.56867;139890.0415;87226.80509;80392.02261;116413.4374;51803.51865;132434.2847;35335.61522;79592.86702;182003.0007;133598.976;96090.02316;14547.10034;54590.79623;37935.06521;27977.63944
2015-01-01;67136.06071;114511.1278;63387.87103;97651.58379;164077.7678;90262.44342;35128.32123;90105.44729;20866.32013;61927.6641;42122.1807;137263.8348;34924.79548;23118.43345;10724.21099;46532.10729;49866.32216;44438.77888;62188.09479;126359.8891;81391.57784;73007.46882;109338.4631;45223.66297;113332.7347;31316.35639;71198.52751;160504.4957;122019.7316;89654.41775;10944.50551;41843.52922;34418.64976;25598.14239
2015-02-01;86022.97819;140417.7296;85758.87823;133257.8988;193486.0139;120335.1542;65874.59743;131555.5834;35388.56122;82740.07988;73267.3105;177798.6639;59481.29958;42720.26557;22365.65056;65227.87553;68466.62199;66188.73936;87861.80949;175169.3287;115819.548;102706.2142;133189.9885;64896.99984;176338.5293;53555.29672;97439.21077;227426.9185;158926.5972;111614.5449;24537.08115;85269.19591;46427.20985;32823.61194
2015-03-01;82056.52535;137813.3551;89115.60595;120832.2136;200930.058;106303.1144;54097.40603;112338.8186;29520.77892;73861.40263;59588.89586;159371.9105;48661.4331;34128.45701;17130.01934;57276.96151;67023.59301;61023.16689;79145.84953;154449.1321;107591.0157;92989.91203;122723.3609;56153.02795;157214.2493;48146.25424;87276.28219;202642.8695;143781.5641;100997.5162;20160.30706;68905.69264;40251.2337;29929.58057
2015-04-01;126825.2481;207675.8029;152800.7162;219084.5232;293567.2574;194018.1341;139305.837;223990.1526;67190.46235;138295.1775;148592.2176;281363.6205;121396.5654;94788.69045;55517.82078;114092.185;106859.3552;120666.0057;152511.9066;305833.8318;199720.2058;175481.9498;190995.2416;115431.0215;340494.298;101559.4829;153115.3361;381284.5945;245118.5353;168190.0449;58131.82712;195509.7857;78138.42469;51388.5541
2015-05-01;122269.2801;193107.9834;152214.426;176708.7965;299411.5226;153006.5231;103016.0158;171141.1936;48617.19435;108225.4794;107512.0976;225819.8397;88356.72534;66824.91696;37468.92652;87634.3056;116121.3062;105823.8895;128672.9726;235784.744;184186.4047;147862.3917;160802.8357;87358.49297;286800.1149;99883.92413;148658.8919;393360.7922;239344.353;135634.7984;41940.82743;140590.3298;59923.50358;41515.83517
2015-06-01;211043.7412;329578.3982;282450.5911;354779.0051;488405.066;308283.8752;255598.3722;373452.7287;118905.2911;222817.3406;264978.9369;444764.4868;215772.1839;173055.1772;106448.9386;186761.3575;207145.189;213533.9921;261032.6264;506200.9864;352699.2288;298041.4782;282591.6452;190783.8149;596392.5261;196119.8101;294228.555;808395.2579;446741.7555;257853.8289;110700.3676;377209.3191;126951.4031;78638.82512
2015-07-01;254060.0438;385804.8549;394382.1216;302365.7033;737330.924;217688.1566;192667.8264;255373.7555;76494.31533;154188.6821;171169.3311;315992.6083;142589.334;111595.5613;67631.4497;139186.3446;346120.0876;261628.3021;266348.093;347076.1814;445025.7382;306119.2424;231782.1007;133660.6776;456753.1242;229973.4249;225151.1264;530404.6354;326719.2321;194128.4051;73298.91926;251974.2808;89762.00438;57113.70832
2015-08-01;107005.5174;182207.8035;135620.9131;181151.9637;266694.0079;160327.898;113770.4583;188467.603;48120.40043;105134.7731;106220.9423;224908.1247;87794.76821;68701.03955;39665.4312;93021.49665;94608.01792;94530.01714;114113.9978;234814.456;145992.4103;136023.7498;161022.3734;90091.0213;265471.8926;71702.8386;122398.3319;290863.1079;198240.8173;141703.5935;39411.15376;143664.2346;62406.7297;42489.20828
2015-09-01;75083.17512;130157.4111;80903.52255;119173.8811;189409.0197;107657.7576;52274.95605;111493.7586;25664.21807;71646.52508;56739.31324;156014.7675;49364.84993;36446.80291;18407.05526;59044.53671;60809.46618;58291.63313;74648.40621;153953.9266;95998.40748;88866.44375;123982.7385;57494.45701;151939.2121;38912.19208;84275.85912;196749.9769;143572.3872;102371.2878;18070.62618;67744.85886;40924.15702;30843.69028
2015-10-01;79491.31536;140439.1079;90617.50245;136312.7332;200912.2717;122330.6437;69061.04726;133575.2707;30707.49065;79894.25826;69989.06153;170457.417;61937.89458;46065.8986;24929.44112;68051.77814;66417.16057;66230.67999;81674.69037;175293.3691;102983.9387;98488.89971;133995.7005;67535.5854;183523.9677;43195.45913;96338.13286;228024.255;162153.182;113551.3648;24500.48509;90171.60988;47535.97873;34438.70518
2015-11-01;82139.9914;142444.2533;93588.73558;133271.4847;206457.0866;120045.1087;66088.16296;129678.0413;30577.56016;79421.947;69932.46317;172180.8887;59940.35321;44762.7216;24234.84501;67744.39538;69695.20676;67803.26289;83368.83688;172671.0248;108684.2819;100859.3781;133573.127;66669.36922;189652.0987;47258.79979;95696.9583;225754.8358;158838.4287;112800.3248;26621.35953;94315.24944;47231.9321;33911.56018
2015-12-01;69494.79264;120635.9178;70299.49075;107070.1157;174174.5338;98638.90493;44075.93232;101220.9646;22820.15625;66395.46365;49554.8839;145890.2986;42451.21694;29969.04445;14653.39668;52962.88955;53346.25983;49934.12143;66883.04579;139223.5876;87116.52446;79756.41954;116284.936;51302.50025;131953.4279;33781.01411;76499.39436;176344.3615;131865.9257;95870.96822;14535.2392;54932.6604;37541.06373;28300.83141
2016-01-01;68399.65796;118302.5376;67698.17233;104225.1824;169780.303;97275.28167;42725.3108;99932.44529;22712.76274;65758.30597;48228.48916;143850.1793;41529.45489;28718.67102;13973.55004;52041.85653;51506.11532;48117.08361;65327.86775;136215.1115;85249.67158;77765.04833;114971.9871;50460.67017;129144.0382;32674.38644;75499.03768;174204.8728;130244.4692;94858.17468;14012.36697;52922.30076;36984.82534;27783.91206
2016-02-01;66495.70209;114363.7587;63591.83854;97431.99778;164291.0485;91867.53309;37528.57617;93046.65041;21295.49342;63086.21907;44054.69888;138619.9747;37403.55814;24971.13553;11692.0597;48251.04547;49058.80451;44117.50603;62096.5274;128272.1926;82016.60764;73505.41663;110649.2586;46577.9441;117361.4781;30979.75472;71028.5055;162658.9415;123453.4957;90971.03584;11844.79514;45234.33763;35102.86814;26255.40376
2016-03-01;79339.5769;132843.6005;80762.98499;120100.8911;188398.0994;111200.2659;59375.68277;121131.6737;31964.92741;78870.39417;60771.21896;163168.5827;53446.80727;37703.01336;19890.6139;59701.13182;62183.45511;58726.29583;78086.53361;158810.3106;104710.6354;92308.32732;125123.7631;58536.29082;157935.2592;44453.14693;87933.447;204906.8427;146609.3001;105034.863;20764.68882;75022.04329;41911.21262;30490.63969
2016-04-01;76362.72883;127959.8129;78485.9907;110818.344;186631.7167;100740.1464;48269.53661;104652.4776;27551.57053;71459.1465;52224.4699;151887.9004;44789.2127;30292.60576;15521.80839;53547.81336;60209.90878;52659.4947;71355.99196;142768.9347;97300.16506;83516.20603;117257.4642;52036.11606;134149.6357;40746.43922;80355.99625;184303.879;134498.9687;97132.29632;14739.92005;56155.27296;37605.14304;28255.35429
2016-05-01;88950.84643;148635.679;96098.96457;143838.8239;209236.649;128584.4178;77066.8264;141722.4902;41441.87057;92762.19571;78904.9142;189506.6993;68112.0168;48214.43492;27771.22897;70842.61394;71803.72882;69608.95979;91333.57823;187442.0636;122205.1163;106410.2955;137577.8368;70063.36409;191384.0675;56790.72154;103117.2101;242397.0823;166103.9922;117780.6913;25193.76799;92081.25794;46659.0879;34821.86061
2016-06-01;221851.1274;348621.7518;304874.706;328892.169;517654.2206;275060.0989;240191.5276;340486.2642;113722.7386;203282.2287;222578.5103;395249.4965;187946.9926;143536.0036;92218.79733;159333.0549;239832.2682;209722.6524;240761.5957;433765.5845;350843.3933;279858.3734;255515.2924;162655.5619;519489.7399;196589.8039;228924.2284;530909.3714;326965.3816;231017.9093;93678.74837;326148.4108;110644.7879;67904.03724
2016-07-01;120656.2532;201168.6759;153351.1634;182142.8189;294277.2789;154769.2559;105280.2497;174537.868;53457.76194;111687.0611;103737.2768;227659.5111;89950.55616;65975.28487;39913.0919;87153.46813;117937.6295;102653.5603;126078.9009;234908.9298;175017.1895;145969.4678;161613.028;86742.09559;272576.2982;101421.5863;167513.3557;442320.8356;255350.755;138712.6429;37410.93287;130197.2226;57344.06555;40973.13684
2016-08-01;94509.96172;162526.1335;107714.467;155720.7245;227253.8452;136116.138;83908.51772;151300.4901;43713.04715;97284.7445;84502.94781;198783.1922;72848.45459;54409.105;32101.08599;75661.67772;81908.39338;79035.69442;100562.2644;202887.2616;129752.1797;117490.5009;144936.3581;75633.97962;216501.9035;63385.66947;110646.4198;259175.3232;176335.3043;125067.8937;31613.37832;117136.8324;51170.85099;36852.52672
2016-09-01;97651.77691;165600.1832;113862.045;151125.5243;233759.6011;130264.8239;80765.67417;144838.0798;40746.98961;92532.46129;78474.77531;188581.8522;67690.44274;50186.98668;29293.08674;71680.47541;89446.56372;80592.33534;97486.34148;190958.858;129994.5441;114859.0704;140477.4613;71704.67323;198266.8304;64271.26998;107500.1435;247337.1642;170813.5865;120490.9626;29290.49653;98833.04751;49782.30572;35427.41919
2016-10-01;98167.00888;168596.715;115935.5063;171343.5824;235555.9945;145427.7302;90441.45513;159995.5305;48507.2903;103924.4574;93258.85928;210350.2507;81294.24584;60271.12752;35586.42134;82860.56685;88819.28408;88467.14115;104125.0502;214960.5432;132865.9154;124303.7796;152047.3201;83467.71383;235057.7087;65643.08631;120126.2766;280699.4648;191230.5765;133636.6632;33511.99928;119670.1391;60620.75025;39923.40687
2016-11-01;71375.73838;123623.5564;74373.9261;109909.7768;180671.7539;97417.98699;43168.0845;98474.4544;24076.28945;66923.46561;47616.27764;144917.3938;41185.92024;28091.18861;14274.10604;51694.14568;57532.14902;51488.08765;67360.57127;136588.8838;88286.03411;79653.01394;114852.9968;49808.92235;131240.4613;37009.17283;79427.79368;182122.9663;133194.7682;95171.52965;13272.04147;52506.79547;36702.05319;27624.56954
2016-12-01;67233.2865;116372.3513;65322.81286;102882.0491;167041.7204;93556.25296;38866.16698;93848.43242;22537.19822;64528.91976;44187.27028;139903.724;38383.21486;25421.02808;12493.17907;48846.37839;50940.51307;45925.35138;63174.0641;130199.1152;82486.08971;74560.26667;111431.1204;47152.6857;119264.5698;31754.83078;73691.61236;167239.397;126234.4776;92188.44867;11574.54193;45144.25725;35350.36469;26517.70771
2017-01-01;69258.57908;119019.6272;67795.32087;106663.9767;169828.351;97146.48092;42534.30158;99159.51526;24562.84806;67972.09239;48058.94512;145672.5086;42019.37377;27855.52543;13996.34895;51165.78645;52624.35186;48259.17095;66080.86306;136829.6646;86484.67755;78033.04446;114308.2659;49712.61871;127481.9398;34280.18582;76760.37061;176012.2933;130794.7233;95254.17495;13348.8763;50867.9148;36791.93804;27359.34466
2017-02-01;66569.12112;113997.7015;63241.55921;97514.55617;164149.3957;90067.66355;35957.93411;90158.0143;21431.582;62710.79564;42129.79442;137202.3071;35923.72549;22977.50482;10880.38275;46391.37661;49364.0871;43350.13783;61396.41774;125520.3331;81481.18508;72180.31579;108744.5447;44704.13893;111878.6255;31479.1292;70450.01256;159639.5155;121526.4959;89602.71013;10471.39281;40641.4597;34130.46303;25490.90338
2017-03-01;79409.08527;131837.1799;77733.42991;122904.1203;183146.7676;112568.5433;58730.7086;120528.9491;32832.353;80792.66739;64521.96747;167519.0141;56111.52184;38541.46868;20254.38622;60736.13888;60800.93515;58365.1439;80303.76238;165477.5333;107947.639;93585.88707;126442.8531;60314.44895;161441.2197;46711.78526;90670.59088;211293.56;149861.8112;106395.0198;20997.40693;74838.86021;42388.50152;31132.11116
2017-04-01;139607.7111;223886.3897;175165.2925;209790.4565;322542.3374;177436.6236;134508.9144;212555.5737;66870.01508;131770.2545;125162.6476;254013.2124;111237.3834;80733.57296;48700.67006;101157.158;133129.4457;122632.8074;143164.3943;279503.4592;205509.2583;165198.6501;177042.6028;103082.0528;299395.7834;104843.7814;148492.8868;342784.9989;224634.1081;154800.5605;50333.36127;169585.0596;69722.60553;46640.93953
2017-05-01;102140.0471;170346.7019;116800.2934;164908.4888;240363.5967;143533.493;95481.13811;165848.1867;49458.52232;104835.7379;90695.23287;206073.6101;82175.2646;58243.09266;33720.31921;80421.74363;85745.50474;85080.30617;104596.0386;219873.318;141042.2863;122717.2487;149060.8113;80908.78505;241649.2867;66113.69812;118085.6745;280187.4096;186955.9829;128538.2527;37394.89192;136039.3635;53956.1829;38822.99763
2017-06-01;132284.3953;220913.7082;171980.1607;219314.0066;323301.2373;183328.4733;137623.7991;222192.2336;68141.30813;130611.5885;134146.5747;262636.9822;116404.6215;84755.73099;49461.50118;107192.8235;138918.8941;126333.8857;145175.6905;293113.3311;205200.712;171264.4808;179948.1175;109212.8681;331117.2481;102045.9595;155559.0549;359023.839;236059.4945;156748.4075;50824.84925;172541.4999;70184.62354;49266.72131
2017-07-01;89516.43419;153365.4639;100104.1861;151073.1987;220323.4978;131619.1581;79972.8722;149318.7218;42074.72652;91840.32261;82693.41266;191914.8746;70659.23291;50545.76325;27570.46723;74176.3798;79406.2947;74530.22218;95421.77331;201972.9974;129660.062;112782.0461;139307.3434;73991.84972;220789.4361;67714.09982;140060.2566;374410.4061;221465.5459;118331.3895;30140.03929;109352.6863;47691.14023;36494.43814
2017-08-01;85801.34511;147442.8116;94581.39646;137098.7567;211354.8367;120471.1196;67739.40808;129805.3551;35349.04906;82190.54031;74909.63835;178432.0171;61003.81154;43184.64929;23042.82251;67218.8412;78547.21427;69353.20258;86850.24226;179119.6947;117940.8449;102889.6387;131220.1356;66586.99429;179203.2573;54315.89609;100180.864;228931.9339;159942.0269;111308.0842;23397.2877;82185.37438;44582.44979;33743.87008
2017-09-01;67093.55038;115076.5032;63567.78073;99467.36634;165934.5689;92155.68602;38312.28706;93382.26235;22618.76446;63565.07224;45129.3726;140030.13;37534.03902;24433.15414;11285.48978;47983.41626;50523.86355;44197.20626;62424.16835;129762.8496;82894.41097;73823.37266;109555.5868;46301.55212;117501.1804;32425.98224;73278.89764;166570.8575;125308.607;90255.1918;11496.58701;43025.64955;34619.92085;26157.97761
2017-10-01;65339.059;111760.0214;60611.75573;94269.53816;161376.6407;88688.76457;34822.21064;88897.96078;21218.11545;61525.38747;41969.32697;135886.0463;34844.3276;22060.73731;9900.237188;45508.64875;48108.85674;41520.25276;59959.47683;123780.9194;79911.14169;70737.31095;107029.7731;43759.09638;110109.5971;30494.44172;69732.696;157758.7194;120402.2727;87931.87308;10146.62088;38489.40378;33522.21045;25108.58077
2017-11-01;65177.14798;111250.1003;60157.21142;92631.17409;160794.5316;87639.5005;33994.63516;87702.03245;20832.47843;61003.25632;41074.56779;134748.7199;34022.29223;21329.44375;9433.820285;44675.48972;47673.95264;40801.8499;59434.49718;122166.0579;79417.73701;69989.31742;106446.0032;42970.0892;107745.5109;30245.13468;68545.68976;154752.8214;118710.1926;87335.9946;9828.877285;37294.31552;33271.51778;24759.80052
2017-12-01;64728.87522;110391.5702;59254.59713;90679.29089;159454.8551;86418.52462;32752.72518;86053.26891;20352.77796;60227.11086;39766.99492;133265.4305;32848.7488;20403.37756;8912.817679;43656.94606;46978.10608;39859.07891;58736.58425;119993.488;78576.10488;69021.63166;105584.5474;41909.82699;104513.9147;29671.65077;66939.25792;150518.5994;116403.4628;86423.55537;9373.297982;35604.06035;32893.72382;24328.75156
2018-01-01;69775.83879;118343.7492;67911.21161;99649.08171;171359.4375;93610.12352;40190.26601;95093.73164;22907.53055;64836.9543;46098.97989;141469.6877;38703.9687;24898.99591;11526.42752;47967.0639;52939.47387;46177.98489;64807.76435;131985.1863;86454.7441;76634.5101;111505.6161;46824.72128;120167.5365;34826.24683;73600.48914;166885.7768;125484.326;91856.05216;12515.9647;46388.73571;35609.54976;26012.32481
2018-02-01;72772.94987;123088.7035;73240.84353;102956.6413;180159.5829;95961.32863;42612.0851;97766.83724;23868.63819;65966.2807;48085.29139;144882.9027;39460.02737;25660.38224;12046.63472;49033.01346;56714.80161;49164.90895;67911.82476;136839.6682;91490.59367;80458.19968;113822.8805;48151.24637;123668.1765;37540.02813;75777.53466;173089.6876;128329.5586;92836.05409;13154.70113;48536.43197;35929.1473;26556.0877
2018-03-01;105384.0995;174491.2298;119783.3937;171858.7275;248065.9568;151390.4836;100541.5041;171104.6362;50460.16806;110903.7509;106003.5192;221279.6109;89428.69055;65150.66653;37184.89185;85171.28456;92327.65853;87314.04662;115165.28;233712.0938;154258.3884;135657.123;157150.1048;87497.14279;248597.9226;72389.34785;124735.6131;296706.8131;197654.392;138150.7244;41700.87701;135230.9961;62510.86915;40727.96255
2018-04-01;94663.67483;154425.8419;108080.138;136017.7824;232518.1739;120579.3339;71724.69485;131470.6979;34950.57929;83790.36748;69730.69239;173966.3129;59776.13443;42016.90668;22596.03676;63867.73324;84004.72963;70566.782;89642.2416;176779.7678;124485.4853;105597.0905;131470.2827;64325.69575;184946.8496;55325.18452;98109.24697;226692.8537;158429.1515;110572.0496;27584.19558;96909.6204;44586.58254;32577.67725
2018-05-01;78158.83738;133342.3401;81182.03402;121356.2132;191305.9702;110165.7947;56644.93114;115487.5957;29834.58772;75964.33389;60840.45213;160581.9365;52372.02734;36050.10983;18888.28138;58954.5384;63817.52712;57837.10814;78696.22976;162281.4324;102898.7153;92302.58203;123968.4187;59122.87545;156603.182;42171.84126;89193.95435;208056.5178;148954.5765;104115.008;20848.27799;70820.02383;41394.31983;30707.8962
2018-06-01;87264.90748;145579.6666;92060.15003;127046.8426;204587.4624;114534.0028;59906.33529;121390.318;33404.99201;80354.04575;67063.02309;167843.5893;56652.75246;39858.77717;20900.11838;61617.00314;73390.55425;64946.46728;84152.71676;169590.4863;119448.3129;99510.26773;125905.3159;62436.51831;165863.1341;51292.02837;94844.0963;220559.4313;154979.5046;107158.178;23667.6254;78286.97187;42936.18232;31932.46409
2018-07-01;118604.4792;195585.2373;140378.6037;198066.0446;274005.1088;172937.0849;119968.0928;201360.25;62058.02912;123468.7232;131940.2186;255633.6551;107445.7322;77918.33657;47774.69802;100463.4647;108626.9159;103477.5606;134836.6277;267459.5511;179542.3937;155474.5653;169309.3243;103952.7301;304264.3533;87848.38772;139724.8667;338331.8667;216574.0914;151820.3859;54763.17912;182746.1228;69814.31776;46813.39967
2018-08-01;144910.2291;232271.8892;187920.516;213976.3699;343077.8446;181862.9894;134166.5143;213266.2325;62946.70504;128769.5707;138605.6743;265858.1886;112391.3952;82999.04287;49992.11991;105254.1304;154611.9411;129728.513;153909.6154;282800.8704;219807.0395;181084.5652;183525.0878;108748.3492;323869.7412;114827.9589;153295.7865;354537.1428;227208.8292;154734.4944;54051.40024;174174.7077;71948.30739;48691.07205
2018-09-01;77204.91618;131213.1736;82368.37399;118048.026;192264.0338;106424.2483;52284.29818;110606.222;27438.28449;72775.00176;58717.47994;157197.4479;48717.68385;33203.02087;17222.38214;57291.85581;65114.83812;56107.55324;75571.03246;152124.674;99461.81417;89119.22693;121439.5634;59801.37026;159596.2665;49353.34003;108536.0245;287178.9951;176628.15;100678.6766;19820.15683;73913.54477;40022.98388;30341.26934
2018-10-01;66744.86428;114412.8882;64096.04824;97299.14153;165978.967;90940.6389;36382.54979;90896.58844;21334.61693;62488.00868;43210.32929;137573.6364;36162.17199;23237.62652;10821.06985;46873.88939;51027.33457;43492.28311;62197.11345;126253.0074;81697.02458;73146.05588;109033.0453;45662.59843;114079.246;31300.27682;71600.42757;163251.9522;123163.0254;89333.27043;11531.70691;42133.8644;34440.76914;25935.94864
2018-11-01;65811.81926;112206.3968;61491.08952;94391.97564;162097.2161;89232.93543;34772.43662;88896.24202;20854.12225;61599.18791;42317.79099;136249.9115;34827.52141;22153.82552;10121.39652;45986.34803;48912.08714;41751.19901;60852.6476;123735.073;80378.1808;71448.47667;107665.5886;44685.49812;110430.1071;30413.81934;69677.62327;158590.5604;120531.2955;88190.46915;10802.72716;39770.48555;33843.64986;25541.49333
2018-12-01;65613.19631;111761.7209;60970.10261;93325.15705;161298.0316;88501.83499;34169.64689;87954.18799;20630.02932;61250.18799;42105.5097;135870.5099;34143.30786;21705.12307;9774.09786;45692.42567;48362.92416;41349.0817;60408.95176;122961.2063;80189.29589;70899.87373;107196.2128;44354.53069;108829.1792;30294.60937;68848.06591;156346.4302;119288.7193;87757.0231;10496.38724;38873.25203;33593.47379;25400.43917
